-- MySQL dump 10.13  Distrib 8.0.42, for Win64 (x86_64)
--
-- Host: tripful.cfke6268yfep.ap-northeast-2.rds.amazonaws.com    Database: TripFul
-- ------------------------------------------------------
-- Server version	8.0.41

/*!40101 SET @OLD_CHARACTER_SET_CLIENT=@@CHARACTER_SET_CLIENT */;
/*!40101 SET @OLD_CHARACTER_SET_RESULTS=@@CHARACTER_SET_RESULTS */;
/*!40101 SET @OLD_COLLATION_CONNECTION=@@COLLATION_CONNECTION */;
/*!50503 SET NAMES utf8mb4 */;
/*!40103 SET @OLD_TIME_ZONE=@@TIME_ZONE */;
/*!40103 SET TIME_ZONE='+00:00' */;
/*!40014 SET @OLD_UNIQUE_CHECKS=@@UNIQUE_CHECKS, UNIQUE_CHECKS=0 */;
/*!40014 SET @OLD_FOREIGN_KEY_CHECKS=@@FOREIGN_KEY_CHECKS, FOREIGN_KEY_CHECKS=0 */;
/*!40101 SET @OLD_SQL_MODE=@@SQL_MODE, SQL_MODE='NO_AUTO_VALUE_ON_ZERO' */;
/*!40111 SET @OLD_SQL_NOTES=@@SQL_NOTES, SQL_NOTES=0 */;
SET @MYSQLDUMP_TEMP_LOG_BIN = @@SESSION.SQL_LOG_BIN;
SET @@SESSION.SQL_LOG_BIN= 0;

--
-- GTID state at the beginning of the backup 
--

SET @@GLOBAL.GTID_PURGED=/*!80000 '+'*/ '';

--
-- Table structure for table `tripful_comment_likes`
--

DROP TABLE IF EXISTS `tripful_comment_likes`;
/*!40101 SET @saved_cs_client     = @@character_set_client */;
/*!50503 SET character_set_client = utf8mb4 */;
CREATE TABLE `tripful_comment_likes` (
  `like_idx` int NOT NULL,
  `comment_idx` int NOT NULL,
  `user_id` varchar(500) NOT NULL,
  PRIMARY KEY (`like_idx`),
  KEY `comment_idx_idx` (`comment_idx`),
  KEY `like_id_idx` (`user_id`),
  CONSTRAINT `comment_idx` FOREIGN KEY (`comment_idx`) REFERENCES `tripful_event_answer` (`answer_idx`),
  CONSTRAINT `like_id` FOREIGN KEY (`user_id`) REFERENCES `tripful_member` (`id`) ON DELETE CASCADE ON UPDATE CASCADE
) ENGINE=InnoDB DEFAULT CHARSET=utf8mb4 COLLATE=utf8mb4_0900_ai_ci;
/*!40101 SET character_set_client = @saved_cs_client */;

--
-- Dumping data for table `tripful_comment_likes`
--

LOCK TABLES `tripful_comment_likes` WRITE;
/*!40000 ALTER TABLE `tripful_comment_likes` DISABLE KEYS */;
/*!40000 ALTER TABLE `tripful_comment_likes` ENABLE KEYS */;
UNLOCK TABLES;

--
-- Table structure for table `tripful_event`
--

DROP TABLE IF EXISTS `tripful_event`;
/*!40101 SET @saved_cs_client     = @@character_set_client */;
/*!50503 SET character_set_client = utf8mb4 */;
CREATE TABLE `tripful_event` (
  `event_idx` int NOT NULL AUTO_INCREMENT,
  `event_title` varchar(500) NOT NULL,
  `event_content` text NOT NULL,
  `event_img` varchar(2000) DEFAULT NULL,
  `event_writer` varchar(500) NOT NULL,
  `event_writeday` datetime NOT NULL,
  `event_readcount` int NOT NULL,
  PRIMARY KEY (`event_idx`),
  KEY `e_writer_idx` (`event_writer`),
  CONSTRAINT `e_writer` FOREIGN KEY (`event_writer`) REFERENCES `tripful_member` (`id`) ON DELETE CASCADE ON UPDATE CASCADE
) ENGINE=InnoDB AUTO_INCREMENT=24 DEFAULT CHARSET=utf8mb4 COLLATE=utf8mb4_0900_ai_ci;
/*!40101 SET character_set_client = @saved_cs_client */;

--
-- Dumping data for table `tripful_event`
--

LOCK TABLES `tripful_event` WRITE;
/*!40000 ALTER TABLE `tripful_event` DISABLE KEYS */;
INSERT INTO `tripful_event` VALUES (19,'소도시 배틀 트립','<p><img src=\"/TripFul_Project/upload/battletrip1.jpg\" style=\"width: 980px;\"><img src=\"/TripFul_Project/upload/battletrip2.jpg\" style=\"width: 980px;\"></p>','/TripFul_Project/upload/battletrip1.jpg','tripful1234','2025-06-09 04:35:41',13504),(20,'5성급 에어텔 선점형 바캉스','<p><img src=\"/TripFul_Project/upload/bacangs.jpg\" style=\"width: 980px;\"><br></p>','/TripFul_Project/upload/bacangs.jpg','tripful1234','2025-06-09 05:01:06',9813),(21,'서울 깎쟁이 얼리버드 프로모션','<p><img src=\"/TripFul_Project/upload/img01.jpg\" style=\"width: 980px;\"></p><h4 style=\"margin-top: 0px; margin-right: 0px; margin-left: 0px; padding: 0px; border: 0px; font-size: 14px; vertical-align: baseline; font-family: &quot;맑은 고딕&quot;, &quot;Malgun Gothic&quot;, AppleGothic, &quot;Apple SD Gothic Neo&quot;, dotum, Dotum, PDF_malgun, PDF_arial, PDF_ARIALUNI, sans-serif; letter-spacing: -0.5px; color: rgb(0, 0, 0); font-weight: bold;\">프로모션 유의사항</h4><ul><li style=\"margin: 0px; padding: 0px 0px 0px 11px; border: 0px; font-size: 12px; vertical-align: baseline; line-height: 20px; background: url(&quot;/CW/public/images/board/event/bullet01.gif&quot;) left 9px no-repeat;\">항공권 구매 시, 예약 변경 및 환불 등에 대한 상세 안내를 반드시 확인하시기 바랍니다.</li><li style=\"margin: 0px; padding: 0px 0px 0px 11px; border: 0px; font-size: 12px; vertical-align: baseline; line-height: 20px; background: url(&quot;/CW/public/images/board/event/bullet01.gif&quot;) left 9px no-repeat;\">해당 프로모션은 선착순으로 진행되며, 사전 고지 없이 변경 및 조기마감 될 수 있습니다.</li><li style=\"margin: 0px; padding: 0px 0px 0px 11px; border: 0px; font-size: 12px; vertical-align: baseline; line-height: 20px; background: url(&quot;/CW/public/images/board/event/bullet01.gif&quot;) left 9px no-repeat;\">실시간 예약률에 따라 예약/할인 불가 일자가 발생할 수 있습니다.</li><li style=\"margin: 0px; padding: 0px 0px 0px 11px; border: 0px; font-size: 12px; vertical-align: baseline; line-height: 20px; background: url(&quot;/CW/public/images/board/event/bullet01.gif&quot;) left 9px no-repeat;\">유류할증료와 공항시설 사용료는 발권일, 환율 등에 따라 변동될 수 있습니다.</li><li style=\"margin: 0px; padding: 0px 0px 0px 11px; border: 0px; font-size: 12px; vertical-align: baseline; line-height: 20px; background: url(&quot;/CW/public/images/board/event/bullet01.gif&quot;) left 9px no-repeat;\">항공권 취소 및 여정 변경을 진행하실 경우, 별도 수수료가 부과될 수 있습니다.</li><li style=\"margin: 0px; padding: 0px 0px 0px 11px; border: 0px; font-size: 12px; vertical-align: baseline; line-height: 20px; background: url(&quot;/CW/public/images/board/event/bullet01.gif&quot;) left 9px no-repeat;\">운항 스케줄은 정부 인가 조건이며, 스케줄은 예고없이 변경될 수 있습니다.</li><li style=\"margin: 0px; padding: 0px 0px 0px 11px; border: 0px; font-size: 12px; vertical-align: baseline; line-height: 20px; background: url(&quot;/CW/public/images/board/event/bullet01.gif&quot;) left 9px no-repeat;\">상기 이벤트는 온라인 전용 이벤트로 예약센터에서 예약은 불가합니다.</li><li style=\"margin: 0px; padding: 0px 0px 0px 11px; border: 0px; font-size: 12px; vertical-align: baseline; line-height: 20px; background: url(&quot;/CW/public/images/board/event/bullet01.gif&quot;) left 9px no-repeat;\">영업정책에 따라 해당 운임이 적용되지 않는 편명 및 일자도 있으니 이 점 양지하여 주시기 바랍니다.</li></ul><p><br style=\"color: rgb(48, 49, 49); font-family: &quot;맑은 고딕&quot;, &quot;Malgun Gothic&quot;, AppleGothic, &quot;Apple SD Gothic Neo&quot;, dotum, Dotum, PDF_malgun, PDF_arial, PDF_ARIALUNI, sans-serif; font-size: 13px; letter-spacing: -0.5px;\"><br style=\"color: rgb(48, 49, 49); font-family: &quot;맑은 고딕&quot;, &quot;Malgun Gothic&quot;, AppleGothic, &quot;Apple SD Gothic Neo&quot;, dotum, Dotum, PDF_malgun, PDF_arial, PDF_ARIALUNI, sans-serif; font-size: 13px; letter-spacing: -0.5px;\"></p><h4 style=\"margin-top: 0px; margin-right: 0px; margin-left: 0px; padding: 0px; border: 0px; font-size: 14px; vertical-align: baseline; font-family: &quot;맑은 고딕&quot;, &quot;Malgun Gothic&quot;, AppleGothic, &quot;Apple SD Gothic Neo&quot;, dotum, Dotum, PDF_malgun, PDF_arial, PDF_ARIALUNI, sans-serif; letter-spacing: -0.5px; color: rgb(0, 0, 0); font-weight: bold;\">사전 좌석 할인 유의사항</h4><ul><li style=\"margin: 0px; padding: 0px 0px 0px 11px; border: 0px; font-size: 12px; vertical-align: baseline; line-height: 20px; background: url(&quot;/CW/public/images/board/event/bullet01.gif&quot;) left 9px no-repeat;\">KRW결제 기준, 국제선 편도/왕복 구분 없이 할인 적용되며, 결제통화가 다를 시, 혜택이 적용되지 않습니다.</li><li style=\"margin: 0px; padding: 0px 0px 0px 11px; border: 0px; font-size: 12px; vertical-align: baseline; line-height: 20px; background: url(&quot;/CW/public/images/board/event/bullet01.gif&quot;) left 9px no-repeat;\">여정 변경 또는 취소 시, 구매한 서비스는 자동 취소되며 운임은 환불됩니다.<br>여정 변경 후 홈페이지 및 모바일을 통해 재구매 가능합니다.</li><li style=\"margin: 0px; padding: 0px 0px 0px 11px; border: 0px; font-size: 12px; vertical-align: baseline; line-height: 20px; background: url(&quot;/CW/public/images/board/event/bullet01.gif&quot;) left 9px no-repeat;\">항공편 출발 24시간 전까지 구매 가능합니다.<br>출발 24시간 이내 여정 변경 및 취소 시 좌석은 자동 취소되나 운임은 환불되지 않습니다.<br>항공기 교체 등의 사유로 기종 변경 시 좌석이 변경 또는 취소 될 수 있으며, 별도 고지는 없습니다.</li><li style=\"margin: 0px; padding: 0px 0px 0px 11px; border: 0px; font-size: 12px; vertical-align: baseline; line-height: 20px; background: url(&quot;/CW/public/images/board/event/bullet01.gif&quot;) left 9px no-repeat;\">여행사 패키지(그룹)예약의 경우, 에어서울 예약센터를 통해 구매해주시기 바랍니다.</li></ul><p><br style=\"color: rgb(48, 49, 49); font-family: &quot;맑은 고딕&quot;, &quot;Malgun Gothic&quot;, AppleGothic, &quot;Apple SD Gothic Neo&quot;, dotum, Dotum, PDF_malgun, PDF_arial, PDF_ARIALUNI, sans-serif; font-size: 13px; letter-spacing: -0.5px;\"><br style=\"color: rgb(48, 49, 49); font-family: &quot;맑은 고딕&quot;, &quot;Malgun Gothic&quot;, AppleGothic, &quot;Apple SD Gothic Neo&quot;, dotum, Dotum, PDF_malgun, PDF_arial, PDF_ARIALUNI, sans-serif; font-size: 13px; letter-spacing: -0.5px;\"></p><h4 style=\"margin-top: 0px; margin-right: 0px; margin-left: 0px; padding: 0px; border: 0px; font-size: 14px; vertical-align: baseline; font-family: &quot;맑은 고딕&quot;, &quot;Malgun Gothic&quot;, AppleGothic, &quot;Apple SD Gothic Neo&quot;, dotum, Dotum, PDF_malgun, PDF_arial, PDF_ARIALUNI, sans-serif; letter-spacing: -0.5px; color: rgb(0, 0, 0); font-weight: bold;\">제휴 혜택 유의사항</h4><ul><li style=\"margin: 0px; padding: 0px 0px 0px 11px; border: 0px; font-size: 12px; vertical-align: baseline; line-height: 20px; background: url(&quot;/CW/public/images/board/event/bullet01.gif&quot;) left 9px no-repeat;\">각 제휴사별 혜택은 운영 상황에 따라 조기 종료될 수 있습니다.</li><li style=\"margin: 0px; padding: 0px 0px 0px 11px; border: 0px; font-size: 12px; vertical-align: baseline; line-height: 20px; background: url(&quot;/CW/public/images/board/event/bullet01.gif&quot;) left 9px no-repeat;\">쿠폰 사용 방법 및 문의 사항은 제휴사 홈페이지를 통해 문의하여 주시기 바랍니다.</li></ul>','/TripFul_Project/upload/img01.jpg','tripful1234','2025-06-09 05:04:32',14698),(22,'호국보훈의 달 프로모션','<p><img src=\"/TripFul_Project/upload/img02.jpg\" style=\"width: 980px;\"></p><h4 style=\"margin-top: 0px; margin-right: 0px; margin-left: 0px; padding: 0px; border: 0px; font-size: 14px; vertical-align: baseline; font-family: &quot;맑은 고딕&quot;, &quot;Malgun Gothic&quot;, AppleGothic, &quot;Apple SD Gothic Neo&quot;, dotum, Dotum, PDF_malgun, PDF_arial, PDF_ARIALUNI, sans-serif; letter-spacing: -0.5px; color: rgb(0, 0, 0); font-weight: bold;\">[프로모션 유의사항(국제선)]</h4><ul><li style=\"margin: 0px; padding: 0px 0px 0px 11px; border: 0px; font-size: 12px; vertical-align: baseline; line-height: 20px; background: url(&quot;/CW/public/images/board/event/bullet01.gif&quot;) left 9px no-repeat;\">항공권 구매 시, 예약 변경 및 환불 등에 대한 상세 안내를 반드시 확인하시기 바랍니다.</li><li style=\"margin: 0px; padding: 0px 0px 0px 11px; border: 0px; font-size: 12px; vertical-align: baseline; line-height: 20px; background: url(&quot;/CW/public/images/board/event/bullet01.gif&quot;) left 9px no-repeat;\">해당 프로모션은 선착순으로 진행되며, 사전 고지 없이 변경 및 조기마감 될 수 있습니다.</li><li style=\"margin: 0px; padding: 0px 0px 0px 11px; border: 0px; font-size: 12px; vertical-align: baseline; line-height: 20px; background: url(&quot;/CW/public/images/board/event/bullet01.gif&quot;) left 9px no-repeat;\">실시간 예약률에 따라 예약/할인 불가 일자가 발생할 수 있습니다.</li><li style=\"margin: 0px; padding: 0px 0px 0px 11px; border: 0px; font-size: 12px; vertical-align: baseline; line-height: 20px; background: url(&quot;/CW/public/images/board/event/bullet01.gif&quot;) left 9px no-repeat;\">유류할증료와 공항시설 사용료는 발권일, 환율 등에 따라 변동될 수 있습니다.</li><li style=\"margin: 0px; padding: 0px 0px 0px 11px; border: 0px; font-size: 12px; vertical-align: baseline; line-height: 20px; background: url(&quot;/CW/public/images/board/event/bullet01.gif&quot;) left 9px no-repeat;\">항공권 취소 및 여정 변경을 진행하실 경우, 별도 수수료가 부과될 수 있습니다.</li><li style=\"margin: 0px; padding: 0px 0px 0px 11px; border: 0px; font-size: 12px; vertical-align: baseline; line-height: 20px; background: url(&quot;/CW/public/images/board/event/bullet01.gif&quot;) left 9px no-repeat;\">운항 스케줄은 정부 인가 조건이며, 스케줄은 예고없이 변경될 수 있습니다.</li><li style=\"margin: 0px; padding: 0px 0px 0px 11px; border: 0px; font-size: 12px; vertical-align: baseline; line-height: 20px; background: url(&quot;/CW/public/images/board/event/bullet01.gif&quot;) left 9px no-repeat;\">상기 이벤트는 온라인 전용 이벤트로 예약센터에서 예약은 불가합니다.</li><li style=\"margin: 0px; padding: 0px 0px 0px 11px; border: 0px; font-size: 12px; vertical-align: baseline; line-height: 20px; background: url(&quot;/CW/public/images/board/event/bullet01.gif&quot;) left 9px no-repeat;\">영업정책에 따라 해당 운임이 적용되지 않는 편명 및 일자도 있으니 이 점 양지하여 주시기 바랍니다.</li></ul><p><br style=\"color: rgb(48, 49, 49); font-family: &quot;맑은 고딕&quot;, &quot;Malgun Gothic&quot;, AppleGothic, &quot;Apple SD Gothic Neo&quot;, dotum, Dotum, PDF_malgun, PDF_arial, PDF_ARIALUNI, sans-serif; font-size: 13px; letter-spacing: -0.5px;\"><br style=\"color: rgb(48, 49, 49); font-family: &quot;맑은 고딕&quot;, &quot;Malgun Gothic&quot;, AppleGothic, &quot;Apple SD Gothic Neo&quot;, dotum, Dotum, PDF_malgun, PDF_arial, PDF_ARIALUNI, sans-serif; font-size: 13px; letter-spacing: -0.5px;\"></p><h4 style=\"margin-top: 0px; margin-right: 0px; margin-left: 0px; padding: 0px; border: 0px; font-size: 14px; vertical-align: baseline; font-family: &quot;맑은 고딕&quot;, &quot;Malgun Gothic&quot;, AppleGothic, &quot;Apple SD Gothic Neo&quot;, dotum, Dotum, PDF_malgun, PDF_arial, PDF_ARIALUNI, sans-serif; letter-spacing: -0.5px; color: rgb(0, 0, 0); font-weight: bold;\">[신분할인 유의사항]</h4><ul><li style=\"margin: 0px; padding: 0px 0px 0px 11px; border: 0px; font-size: 12px; vertical-align: baseline; line-height: 20px; background: url(&quot;/CW/public/images/board/event/bullet01.gif&quot;) left 9px no-repeat;\">모든 할인은 이중으로 적용되지 않습니다.</li><li style=\"margin: 0px; padding: 0px 0px 0px 11px; border: 0px; font-size: 12px; vertical-align: baseline; line-height: 20px; background: url(&quot;/CW/public/images/board/event/bullet01.gif&quot;) left 9px no-repeat;\">해당 신분할인은 국내선 노선만 적용됩니다.</li><li style=\"margin: 0px; padding: 0px 0px 0px 11px; border: 0px; font-size: 12px; vertical-align: baseline; line-height: 20px; background: url(&quot;/CW/public/images/board/event/bullet01.gif&quot;) left 9px no-repeat;\">할인 대상 고객님께서는 탑승 수속 시 해당 증빙 서류를 반드시 소지해 주시기 바랍니다.</li><li style=\"margin: 0px; padding: 0px 0px 0px 11px; border: 0px; font-size: 12px; vertical-align: baseline; line-height: 20px; background: url(&quot;/CW/public/images/board/event/bullet01.gif&quot;) left 9px no-repeat;\">신분할인 중 운임할인은 공시운임에 한해 적용되며, 공항세 할인은 전체 운임에 적용 가능합니다.</li><li style=\"margin: 0px; padding: 0px 0px 0px 11px; border: 0px; font-size: 12px; vertical-align: baseline; line-height: 20px; background: url(&quot;/CW/public/images/board/event/bullet01.gif&quot;) left 9px no-repeat;\">예약 및 탑승 완료 후 신분할인 소급적용 및 변경 적용은 불가합니다.</li><li style=\"margin: 0px; padding: 0px 0px 0px 11px; border: 0px; font-size: 12px; vertical-align: baseline; line-height: 20px; background: url(&quot;/CW/public/images/board/event/bullet01.gif&quot;) left 9px no-repeat;\">기존 신분할인 대상자와 같은 경우 온라인, 예약센터를 통한 예약이 가능합니다.</li><li style=\"margin: 0px; padding: 0px 0px 0px 11px; border: 0px; font-size: 12px; vertical-align: baseline; line-height: 20px; background: url(&quot;/CW/public/images/board/event/bullet01.gif&quot;) left 9px no-repeat;\">추가 대상자와 같은 경우 온라인 예약은 불가하며 예약센터를 통한 예약만 가능합니다.</li></ul><p><br style=\"color: rgb(48, 49, 49); font-family: &quot;맑은 고딕&quot;, &quot;Malgun Gothic&quot;, AppleGothic, &quot;Apple SD Gothic Neo&quot;, dotum, Dotum, PDF_malgun, PDF_arial, PDF_ARIALUNI, sans-serif; font-size: 13px; letter-spacing: -0.5px;\"><br style=\"color: rgb(48, 49, 49); font-family: &quot;맑은 고딕&quot;, &quot;Malgun Gothic&quot;, AppleGothic, &quot;Apple SD Gothic Neo&quot;, dotum, Dotum, PDF_malgun, PDF_arial, PDF_ARIALUNI, sans-serif; font-size: 13px; letter-spacing: -0.5px;\"></p><h4 style=\"margin-top: 0px; margin-right: 0px; margin-left: 0px; padding: 0px; border: 0px; font-size: 14px; vertical-align: baseline; font-family: &quot;맑은 고딕&quot;, &quot;Malgun Gothic&quot;, AppleGothic, &quot;Apple SD Gothic Neo&quot;, dotum, Dotum, PDF_malgun, PDF_arial, PDF_ARIALUNI, sans-serif; letter-spacing: -0.5px; color: rgb(0, 0, 0); font-weight: bold;\">[추가 혜택 유의사항]</h4><ul><li style=\"margin: 0px; padding: 0px 0px 0px 11px; border: 0px; font-size: 12px; vertical-align: baseline; line-height: 20px; background: url(&quot;/CW/public/images/board/event/bullet01.gif&quot;) left 9px no-repeat;\">신청 기간: 2025.05.29-2025.06.11<br>이용 가능 탑승기간:2025.06.12-2025.06.30<br>미신청시 혜택 이용이 불가합니다.</li><li style=\"margin: 0px; padding: 0px 0px 0px 11px; border: 0px; font-size: 12px; vertical-align: baseline; line-height: 20px; background: url(&quot;/CW/public/images/board/event/bullet01.gif&quot;) left 9px no-repeat;\">체크인 카운터에서 증빙서류를 필수로 지참 하셔서 인증해주셔야합니다.</li><li style=\"margin: 0px; padding: 0px 0px 0px 11px; border: 0px; font-size: 12px; vertical-align: baseline; line-height: 20px; background: url(&quot;/CW/public/images/board/event/bullet01.gif&quot;) left 9px no-repeat;\">우선 수하물과 같은 경우 당일 공항 사정에 따라 서비스 제공 여부가 달라질 수 있습니다.</li></ul>','/TripFul_Project/upload/img02.jpg','tripful1234','2025-06-09 05:05:39',12862),(23,'에어서울 고객을 위해 준비한 클룩의 뇌뺀 여행','<p><img src=\"/TripFul_Project/upload/img03.jpg\" style=\"width: 980px;\"></p><h4 style=\"margin-top: 0px; margin-right: 0px; margin-left: 0px; padding: 0px; border: 0px; font-size: 14px; vertical-align: baseline; font-family: &quot;맑은 고딕&quot;, &quot;Malgun Gothic&quot;, AppleGothic, &quot;Apple SD Gothic Neo&quot;, dotum, Dotum, PDF_malgun, PDF_arial, PDF_ARIALUNI, sans-serif; letter-spacing: -0.5px; color: rgb(0, 0, 0); font-weight: bold;\">[항공권 유의사항]</h4><ul><li style=\"margin: 0px; padding: 0px 0px 0px 11px; border: 0px; font-size: 12px; vertical-align: baseline; line-height: 20px; background: url(&quot;/CW/public/images/board/event/bullet01.gif&quot;) left 9px no-repeat;\">항공권 구매 시, 예약 변경 및 환불 등에 대한 상세 안내를 반드시 확인하시기 바랍니다.</li><li style=\"margin: 0px; padding: 0px 0px 0px 11px; border: 0px; font-size: 12px; vertical-align: baseline; line-height: 20px; background: url(&quot;/CW/public/images/board/event/bullet01.gif&quot;) left 9px no-repeat;\">해당 프로모션은 선착순으로 진행되며, 사전 고지 없이 변경 및 조기마감 될 수 있습니다.</li><li style=\"margin: 0px; padding: 0px 0px 0px 11px; border: 0px; font-size: 12px; vertical-align: baseline; line-height: 20px; background: url(&quot;/CW/public/images/board/event/bullet01.gif&quot;) left 9px no-repeat;\">실시간 예약률에 따라 예약/할인 불가 일자가 발생할 수 있습니다.</li><li style=\"margin: 0px; padding: 0px 0px 0px 11px; border: 0px; font-size: 12px; vertical-align: baseline; line-height: 20px; background: url(&quot;/CW/public/images/board/event/bullet01.gif&quot;) left 9px no-repeat;\">유류할증료와 공항시설 사용료는 발권일, 환율 등에 따라 변동될 수 있습니다.</li><li style=\"margin: 0px; padding: 0px 0px 0px 11px; border: 0px; font-size: 12px; vertical-align: baseline; line-height: 20px; background: url(&quot;/CW/public/images/board/event/bullet01.gif&quot;) left 9px no-repeat;\">항공권 취소 및 여정 변경을 진행하실 경우, 별도 수수료가 부과될 수 있습니다.</li><li style=\"margin: 0px; padding: 0px 0px 0px 11px; border: 0px; font-size: 12px; vertical-align: baseline; line-height: 20px; background: url(&quot;/CW/public/images/board/event/bullet01.gif&quot;) left 9px no-repeat;\">운항 스케줄은 정부 인가 조건이며, 스케줄은 예고없이 변경될 수 있습니다.</li><li style=\"margin: 0px; padding: 0px 0px 0px 11px; border: 0px; font-size: 12px; vertical-align: baseline; line-height: 20px; background: url(&quot;/CW/public/images/board/event/bullet01.gif&quot;) left 9px no-repeat;\">상기 이벤트는 온라인 전용 이벤트로 예약센터에서 예약은 불가합니다.</li><li style=\"margin: 0px; padding: 0px 0px 0px 11px; border: 0px; font-size: 12px; vertical-align: baseline; line-height: 20px; background: url(&quot;/CW/public/images/board/event/bullet01.gif&quot;) left 9px no-repeat;\">영업정책에 따라 해당 운임이 적용되지 않는 편명 및 일자도 있으니 이 점 양지하여 주시기 바랍니다.</li></ul><p><br style=\"color: rgb(48, 49, 49); font-family: &quot;맑은 고딕&quot;, &quot;Malgun Gothic&quot;, AppleGothic, &quot;Apple SD Gothic Neo&quot;, dotum, Dotum, PDF_malgun, PDF_arial, PDF_ARIALUNI, sans-serif; font-size: 13px; letter-spacing: -0.5px;\"><br style=\"color: rgb(48, 49, 49); font-family: &quot;맑은 고딕&quot;, &quot;Malgun Gothic&quot;, AppleGothic, &quot;Apple SD Gothic Neo&quot;, dotum, Dotum, PDF_malgun, PDF_arial, PDF_ARIALUNI, sans-serif; font-size: 13px; letter-spacing: -0.5px;\"></p><h4 style=\"margin-top: 0px; margin-right: 0px; margin-left: 0px; padding: 0px; border: 0px; font-size: 14px; vertical-align: baseline; font-family: &quot;맑은 고딕&quot;, &quot;Malgun Gothic&quot;, AppleGothic, &quot;Apple SD Gothic Neo&quot;, dotum, Dotum, PDF_malgun, PDF_arial, PDF_ARIALUNI, sans-serif; letter-spacing: -0.5px; color: rgb(0, 0, 0); font-weight: bold;\">[클룩 유의사항]</h4><ul><li style=\"margin: 0px; padding: 0px 0px 0px 11px; border: 0px; font-size: 12px; vertical-align: baseline; line-height: 20px; background: url(&quot;/CW/public/images/board/event/bullet01.gif&quot;) left 9px no-repeat;\">본 프로모션은 2025년 05월 19일부터 07월 31일까지 진행됩니다.</li><li style=\"margin: 0px; padding: 0px 0px 0px 11px; border: 0px; font-size: 12px; vertical-align: baseline; line-height: 20px; background: url(&quot;/CW/public/images/board/event/bullet01.gif&quot;) left 9px no-repeat;\">본 프로모션에 제공되는 모든 쿠폰 또는 상품 할인 혜택은 결제 선착순 예산 마감시 별도 고지 없이 종료될 수 있습니다.</li><li style=\"margin: 0px; padding: 0px 0px 0px 11px; border: 0px; font-size: 12px; vertical-align: baseline; line-height: 20px; background: url(&quot;/CW/public/images/board/event/bullet01.gif&quot;) left 9px no-repeat;\">구매한 상품의 취소, 환불 요청시에는 클룩 상품페이지 내 명시된 규정대로 처리됩니다.</li><li style=\"margin: 0px; padding: 0px 0px 0px 11px; border: 0px; font-size: 12px; vertical-align: baseline; line-height: 20px; background: url(&quot;/CW/public/images/board/event/bullet01.gif&quot;) left 9px no-repeat;\">액티비티 내에 적용되는 이벤트들은 클룩 사정에 의해 사전통보없이 변경될 수 있습니다.</li><li style=\"margin: 0px; padding: 0px 0px 0px 11px; border: 0px; font-size: 12px; vertical-align: baseline; line-height: 20px; background: url(&quot;/CW/public/images/board/event/bullet01.gif&quot;) left 9px no-repeat;\">클룩의 상품 관련해서는 클룩 문의하기 로 접수해주시기 바랍니다.</li><li style=\"margin: 0px; padding: 0px 0px 0px 11px; border: 0px; font-size: 12px; vertical-align: baseline; line-height: 20px; background: url(&quot;/CW/public/images/board/event/bullet01.gif&quot;) left 9px no-repeat;\">이용 관련하여 궁금한 사항은 클룩 자주하는 질문에서도 확인하실 수 있습니다.</li></ul>','/TripFul_Project/upload/img03.jpg','tripful1234','2025-06-09 05:07:22',31224);
/*!40000 ALTER TABLE `tripful_event` ENABLE KEYS */;
UNLOCK TABLES;

--
-- Table structure for table `tripful_event_answer`
--

DROP TABLE IF EXISTS `tripful_event_answer`;
/*!40101 SET @saved_cs_client     = @@character_set_client */;
/*!50503 SET character_set_client = utf8mb4 */;
CREATE TABLE `tripful_event_answer` (
  `answer_idx` int NOT NULL AUTO_INCREMENT,
  `content` varchar(500) NOT NULL,
  `writer` varchar(500) NOT NULL,
  `writeday` datetime NOT NULL,
  `event_idx` int NOT NULL,
  `likecount` int NOT NULL,
  PRIMARY KEY (`answer_idx`),
  KEY `a_main_idx` (`event_idx`),
  KEY `ea_writer_idx` (`writer`),
  CONSTRAINT `a_main` FOREIGN KEY (`event_idx`) REFERENCES `tripful_event` (`event_idx`) ON DELETE CASCADE ON UPDATE CASCADE,
  CONSTRAINT `ea_writer` FOREIGN KEY (`writer`) REFERENCES `tripful_member` (`id`) ON DELETE CASCADE ON UPDATE CASCADE
) ENGINE=InnoDB AUTO_INCREMENT=26 DEFAULT CHARSET=utf8mb4 COLLATE=utf8mb4_0900_ai_ci;
/*!40101 SET character_set_client = @saved_cs_client */;

--
-- Dumping data for table `tripful_event_answer`
--

LOCK TABLES `tripful_event_answer` WRITE;
/*!40000 ALTER TABLE `tripful_event_answer` DISABLE KEYS */;
INSERT INTO `tripful_event_answer` VALUES (12,'가고싶어요','hgd1234','2025-06-10 02:10:08',22,1),(13,'1빠!!!','tripful1234','2025-06-10 03:28:26',23,3),(20,'2빠 이번껀 좀 크네','kkb0329','2025-06-13 01:31:19',23,0),(21,'감사합니다!!','taelim1813','2025-06-13 01:32:26',23,1),(23,'이래도 비싸요','kch0101','2025-06-13 01:40:08',23,2);
/*!40000 ALTER TABLE `tripful_event_answer` ENABLE KEYS */;
UNLOCK TABLES;

--
-- Table structure for table `tripful_event_answer_like`
--

DROP TABLE IF EXISTS `tripful_event_answer_like`;
/*!40101 SET @saved_cs_client     = @@character_set_client */;
/*!50503 SET character_set_client = utf8mb4 */;
CREATE TABLE `tripful_event_answer_like` (
  `like_idx` int NOT NULL AUTO_INCREMENT,
  `answer_idx` int NOT NULL,
  `user_id` varchar(500) NOT NULL,
  `liked_at` timestamp NULL DEFAULT CURRENT_TIMESTAMP,
  PRIMARY KEY (`like_idx`),
  UNIQUE KEY `unique_user_answer_like` (`user_id`,`answer_idx`),
  KEY `answer_idx` (`answer_idx`),
  CONSTRAINT `tripful_event_answer_like_ibfk_1` FOREIGN KEY (`answer_idx`) REFERENCES `tripful_event_answer` (`answer_idx`) ON DELETE CASCADE,
  CONSTRAINT `tripful_event_answer_like_ibfk_2` FOREIGN KEY (`user_id`) REFERENCES `tripful_member` (`id`) ON DELETE CASCADE ON UPDATE CASCADE
) ENGINE=InnoDB AUTO_INCREMENT=83 DEFAULT CHARSET=utf8mb4 COLLATE=utf8mb4_0900_ai_ci;
/*!40101 SET character_set_client = @saved_cs_client */;

--
-- Dumping data for table `tripful_event_answer_like`
--

LOCK TABLES `tripful_event_answer_like` WRITE;
/*!40000 ALTER TABLE `tripful_event_answer_like` DISABLE KEYS */;
INSERT INTO `tripful_event_answer_like` VALUES (66,12,'hgd1234','2025-06-10 02:10:27'),(74,13,'tripful1234','2025-06-13 01:30:49'),(75,21,'taelim1813','2025-06-13 01:32:30'),(76,13,'taelim1813','2025-06-13 01:32:40'),(79,23,'parkib002','2025-06-13 02:19:34'),(80,13,'parkib002','2025-06-13 02:20:55'),(82,23,'asdf1234','2025-06-13 02:52:10');
/*!40000 ALTER TABLE `tripful_event_answer_like` ENABLE KEYS */;
UNLOCK TABLES;

--
-- Table structure for table `tripful_member`
--

DROP TABLE IF EXISTS `tripful_member`;
/*!40101 SET @saved_cs_client     = @@character_set_client */;
/*!50503 SET character_set_client = utf8mb4 */;
CREATE TABLE `tripful_member` (
  `idx` int NOT NULL AUTO_INCREMENT,
  `id` varchar(50) NOT NULL,
  `hash_pw` varchar(255) DEFAULT NULL,
  `salt` varchar(45) DEFAULT NULL,
  `name` varchar(1000) NOT NULL,
  `email` varchar(2000) NOT NULL,
  `birth` varchar(50) NOT NULL,
  `joindate` date NOT NULL,
  `admin` tinyint NOT NULL DEFAULT '0',
  PRIMARY KEY (`idx`),
  UNIQUE KEY `id_UNIQUE` (`id`)
) ENGINE=InnoDB AUTO_INCREMENT=58 DEFAULT CHARSET=utf8mb4 COLLATE=utf8mb4_0900_ai_ci;
/*!40101 SET character_set_client = @saved_cs_client */;

--
-- Dumping data for table `tripful_member`
--

LOCK TABLES `tripful_member` WRITE;
/*!40000 ALTER TABLE `tripful_member` DISABLE KEYS */;
INSERT INTO `tripful_member` VALUES (1,'adminTripful','$2a$10$BVmVwlK3nxwo5yMNfEuyOOdaC494i7rk4OJsggq/pPOf7aa51azc2','$2a$10$BVmVwlK3nxwo5yMNfEuyOO','박관리','admin@tripful.com','900101','2023-01-01',1),(2,'guestLee','$2a$10$eKRlAWB9sWgyYLPbbKUnPeSJeowRsnsJZVUsg32PCx.tICc5c8xPW','$2a$10$eKRlAWB9sWgyYLPbbKUnPe','이손님','guestlee@example.com','020513','2024-02-28',0),(3,'hgd1234','$2a$10$0q9AR1GN4opcZTqfkTFfuOi0tDZzdDvIFHXQDpUV4rhesTg8oZrK.','$2a$10$0q9AR1GN4opcZTqfkTFfuO','홍길동','hgd1234@naver.com','991023','2025-05-28',0),(4,'qnaHelper','$2a$10$Gx6qj6o36X.8zg3NcaDWaeEAW1x4jifU4KBeKiX3ecFA45L105A3y','$2a$10$Gx6qj6o36X.8zg3NcaDWae','최도움','helper@tripful.com','921105','2023-03-15',1),(5,'travelKim','$2a$10$qZmntJLbTnMA6SejHBqHheLa62csoW0gy5hDXj1Z0fjZMciGUHxY.','$2a$10$qZmntJLbTnMA6SejHBqHhe','김여행','travelkim@example.com','880722','2023-05-20',0),(6,'tripful1234','$2a$10$J3CMhYoonIHb0MBuVYiAJOcExD87Cak0QExYckLFB0E9H8g.v8Mly','$2a$10$J3CMhYoonIHb0MBuVYiAJO','관리자','tripful1234@tripful.com','250528','2025-05-28',1),(7,'user01','$2a$10$/bxkrPfPZUiUqksF5mT0ReUGB03NnuFSLLUWayoRD4CZXtjm1gSrW','$2a$10$/bxkrPfPZUiUqksF5mT0Re','김민준','user01@example.com','950315','2024-01-10',0),(8,'hgd2345','$2a$10$SULbokRK60EYyxCNF12U1.05CmcTM/B5M6jUmvhDI1Pt.qMDbUUkm','$2a$10$SULbokRK60EYyxCNF12U1.','홍김동','hgd2345@naver.com','941230','2025-05-29',0),(30,'parkib003','$2a$10$W.C/WUIgadXD6gNVllB2me3k9kv.ygucrModWJbKtgh311xbAq5M.','$2a$10$W.C/WUIgadXD6gNVllB2me','박창배','parkib003@naver.com','001002','2025-06-04',1),(32,'taelim0619','$2a$10$WmvnhgHlwKBzEMR24TtjE.cGElqXf7Br2KZ7/PK9TCccp8on05LnG','$2a$10$WmvnhgHlwKBzEMR24TtjE.','최태림','chlxofla3@gmail.com','000619','2025-06-05',1),(33,'asdf1234','$2a$10$HG4U3kzPldOgEQNOFbswK.FznTMnDyfLnv/zN9dvXfQRCV1EAiUw2','$2a$10$HG4U3kzPldOgEQNOFbswK.','이정민','wjdals2803@naver.com','960908','2025-06-05',1),(36,'kch0101','$2a$10$s61Q26N3t3dqqX2CFmHf9.c8zTWebcvPC8pJREkHDPokLwV0W5L8W','$2a$10$s61Q26N3t3dqqX2CFmHf9.','공찬혁','kch10105@gmail.com','010101','2025-06-09',0),(38,'kkb0329','$2a$10$14nSfEnC.T2p4IIEIyUQvONl4ma7XIbrUh3mj2efQkmvOt.uCl1Te','$2a$10$14nSfEnC.T2p4IIEIyUQvO','김기범','hgd1234@naver.com','000329','2025-06-11',0),(40,'klp1234','$2a$10$NF8K.Z2RTSO1r2sPbv7Gd.xcTqWefohxRgOdxgrdMYWrsIIOvp5nS','$2a$10$NF8K.Z2RTSO1r2sPbv7Gd.','김이박','klp1234@asd.com','111111','2025-06-11',0),(41,'lpc1234','$2a$10$ul6p2XNAiZVTbgC5vcUauemG9Ypz/z3WVzIogHuiz7WqV91eKi9zm','$2a$10$ul6p2XNAiZVTbgC5vcUaue','이박최','lpc1234@asd.com','111111','2025-06-11',0),(42,'plk1234','$2a$10$yXKJOqGmIXmilms1uISPaONDPW8INIfQE5knVQi6ain1EVtrkCg5a','$2a$10$yXKJOqGmIXmilms1uISPaO','박이김','plk1234@na.com','111111','2025-06-11',0),(43,'dgh1234','$2a$10$pPG2FwzqlBQ8KxVr/TOcx.vSHM1sEXUAed62Ezp3Ec0aTn5zIsW8a','$2a$10$pPG2FwzqlBQ8KxVr/TOcx.','동길홍','dgh1234@asd.com','111111','2025-06-11',0),(45,'admin3333','$2a$10$XEeSwOLKZ7yY03W9x.GCBuUfMFey7RZUYyMEoqzLeuyCHX3IRUPvG','$2a$10$XEeSwOLKZ7yY03W9x.GCBu','이정민','wjdals46452803@gmail.com','960908','2025-06-12',0),(46,'taelim1813','$2a$10$2vZKwYz.4/sYsFgEd1n.UeDEoNwjZ.oJrQtMsTw6Iqx9KopauImDC','$2a$10$2vZKwYz.4/sYsFgEd1n.Ue','최태림','chlxofla3@gmail.com','000619','2025-06-12',0),(49,'taelim123','$2a$10$Noc4eK/KAjfvrK4vXCGyKu4ZuHgxm2HEYQ/2eTn3zlm2c6c1xpIPG','$2a$10$Noc4eK/KAjfvrK4vXCGyKu','최태림','taelim0619@naver.com','000619','2025-06-12',0),(53,'parkib002','$2a$10$CVaFKVoBmabmk7MCXrUQ6eHbBwzi1DQZvgyS4sFjDyZvUxH93dpSu','$2a$10$CVaFKVoBmabmk7MCXrUQ6e','박창배','parkib003@gmail.com','001002','2025-06-13',0),(54,'qwer1234','$2a$10$n.ILgWe5R6kE8yl7CaOqauwmyY191f1QqHOPAgOhX3joOBzbEedQ.','$2a$10$n.ILgWe5R6kE8yl7CaOqau','홍길동','aa@aaaa.com','990909','2025-06-13',0),(55,'aa1234','$2a$10$.hN9Rjxiso4qaDAmJxAmbe8H7gSmF8TssMT5TPfNrl1x7JI7Ntj82','$2a$10$.hN9Rjxiso4qaDAmJxAmbe','홍길동','aa@aaaa.com','990909','2025-06-13',0),(56,'asd1234','$2a$10$KOplxor.Ck0hslYe5ZwUEuyJ4n/SBzqXj1uD1DR0PkL0Gfr0m9mpO','$2a$10$KOplxor.Ck0hslYe5ZwUEu','홍길동','aa@aaaa.com','990909','2025-06-13',0),(57,'asdf123','$2a$10$i2pj7zgDp9DMyRLQ31IdJeoOHGGudvApFNo5vEVg/8iM0Q2YBZAg6','$2a$10$i2pj7zgDp9DMyRLQ31IdJe','홍길동','aa@aaaa.com','990909','2025-06-13',0);
/*!40000 ALTER TABLE `tripful_member` ENABLE KEYS */;
UNLOCK TABLES;

--
-- Table structure for table `tripful_notice`
--

DROP TABLE IF EXISTS `tripful_notice`;
/*!40101 SET @saved_cs_client     = @@character_set_client */;
/*!50503 SET character_set_client = utf8mb4 */;
CREATE TABLE `tripful_notice` (
  `notice_idx` int NOT NULL AUTO_INCREMENT,
  `notice_title` varchar(500) NOT NULL,
  `notice_content` text NOT NULL,
  `notice_img` varchar(2000) DEFAULT NULL,
  `notice_writer` varchar(500) NOT NULL,
  `notice_writeday` datetime NOT NULL,
  `notice_readcount` int NOT NULL,
  PRIMARY KEY (`notice_idx`),
  KEY `n_writer_idx` (`notice_writer`),
  CONSTRAINT `n_writer` FOREIGN KEY (`notice_writer`) REFERENCES `tripful_member` (`id`) ON DELETE CASCADE ON UPDATE CASCADE
) ENGINE=InnoDB AUTO_INCREMENT=38 DEFAULT CHARSET=utf8mb4 COLLATE=utf8mb4_0900_ai_ci;
/*!40101 SET character_set_client = @saved_cs_client */;

--
-- Dumping data for table `tripful_notice`
--

LOCK TABLES `tripful_notice` WRITE;
/*!40000 ALTER TABLE `tripful_notice` DISABLE KEYS */;
INSERT INTO `tripful_notice` VALUES (20,'TripFul 공식 홈페이지 이용 안내','<p data-sourcepos=\"11:1-11:20\">안녕하십니까. TripFul입니다.</p><p data-sourcepos=\"13:1-13:128\">저희 공식 홈페이지는 TripFul을 찾아주시는 모든 분들께 정확하고 신속한 정보를 제공하고, 여러분과 소통하는 공식적인 창구가 되고자 운영되고 있습니다. 이 공간이 여러분의 즐거운 여행 계획에 든든한 길잡이가 되기를 바랍니다.</p><p data-sourcepos=\"15:1-15:36\">본 홈페이지의 주요 메뉴와 활용법을 아래와 같이 안내해 드립니다.</p><ul data-sourcepos=\"17:1-28:0\">\r\n<li data-sourcepos=\"20:1-22:0\">\r\n<p data-sourcepos=\"20:3-21:101\"><strong>[공지사항] 메뉴</strong>\r\n시설 보수, 임시 휴장, 운영 정책 변경 등 가장 중요하고 시급한 공지들을 실시간으로 알려드리는 게시판입니다. 방문 당일에도 출발 전 최신 공지를 확인하시는 것을 권장합니다.</p>\r\n</li>\r\n<li data-sourcepos=\"23:1-25:0\">\r\n<p data-sourcepos=\"23:3-24:104\"><strong>[지역별 관광지] 메뉴</strong>\r\n저희가 자랑하는 아름다운 풍경과 주요 시설들을 사진과 상세 설명으로 미리 둘러보실 수 있습니다. 추천 코스 정보를 활용하여 동선을 계획하시면 더욱 알찬 시간을 보내실 수 있습니다.</p>\r\n</li>\r\n<li data-sourcepos=\"26:1-28:0\">\r\n<p data-sourcepos=\"26:3-27:68\"><strong>[고객센터] 메뉴</strong>\r\n방문객들의 생생한 후기를 참고하거나, 시설 이용에 대한 문의 및 개선 의견을 직접 남기실 수 있는 소통 공간입니다.</p>\r\n</li>\r\n</ul><p data-sourcepos=\"29:1-29:93\">저희 TripFul 임직원 일동은 보내주시는 의견에 항상 귀 기울이며, 더 나은 관람 환경과 안정적인 온라인 서비스를 제공하기 위해 꾸준히 노력할 것을 약속드립니다.</p><p data-sourcepos=\"31:1-31:38\">여러분의 방문 계획에 저희 홈페이지가 유용한 도움이 되기를 바랍니다.</p><p data-sourcepos=\"33:1-33:6\">감사합니다.</p>','','tripful1234','2025-06-10 00:37:44',2144),(21,'[안내] 서비스 안정화를 위한 시스템 정기 점검 안내 (6/18)','<p data-sourcepos=\"13:1-13:24\">안녕하십니까. TripFul 운영팀입니다.</p><p data-sourcepos=\"15:1-15:92\">항상 저희 서비스를 이용해 주시는 회원 여러분께 감사드립니다. 보다 안정적이고 쾌적한 서비스 환경을 제공하기 위해 아래와 같이 시스템 정기 점검을 시행할 예정입니다.</p><p data-sourcepos=\"17:1-17:69\">점검이 진행되는 동안에는 홈페이지 접속을 포함한 모든 서비스 이용이 일시적으로 중단되오니, 이용에 참고하여 주시기 바랍니다.</p><p data-sourcepos=\"19:1-19:14\"><strong>✅ 점검 상세 안내</strong></p><ul data-sourcepos=\"21:1-24:0\">\r\n<li data-sourcepos=\"21:1-21:50\"><strong>점검 일시:</strong> 2025년 6월 18일(수) 02:00 ~ 06:00 (약 4시간)</li>\r\n<li data-sourcepos=\"22:1-22:40\"><strong>점검 내용:</strong> 서버 데이터베이스(DB) 최적화 및 보안 업데이트</li>\r\n<li data-sourcepos=\"23:1-24:0\"><strong>영향 범위:</strong> 홈페이지 접속 및 모든 서비스 일시 중단</li>\r\n</ul><p data-sourcepos=\"25:1-25:68\">이용에 불편을 드리는 점 너그러이 양해해 주시기 바라며, 최대한 신속하게 점검을 완료하고 더 나은 서비스로 보답하겠습니다.</p><p data-sourcepos=\"27:1-27:6\">감사합니다.</p>','','tripful1234','2025-06-10 00:39:38',1523),(22,'[주의] 여름철 장마 및 폭염 대비 안전 여행 수칙 안내','<p data-sourcepos=\"57:1-57:28\">여행객 여러분의 안전하고 즐거운 여행을 기원합니다.</p><p data-sourcepos=\"59:1-59:102\">본격적인 여름 휴가철을 앞두고, 기상 변화가 잦은 장마와 폭염에 대비한 여행 안전 수칙을 아래와 같이 안내해 드립니다. 여행 계획 시 반드시 참고하시어 안전사고를 예방하시기 바랍니다.</p><p data-sourcepos=\"61:1-61:18\"><strong>[장마철 대비 안전 수칙]</strong></p><ul data-sourcepos=\"62:1-65:0\">\r\n<li data-sourcepos=\"62:1-62:30\">출발 전, 여행지의 기상 예보를 반드시 확인합니다.</li>\r\n<li data-sourcepos=\"63:1-63:60\">계곡이나 하천 주변에서의 야영 및 물놀이를 자제하고, 갑작스러운 폭우 시 즉시 안전한 곳으로 대피합니다.</li>\r\n<li data-sourcepos=\"64:1-65:0\">국립공원 등 산간 지역 방문 시, 입산 통제 여부를 실시간으로 확인합니다.</li>\r\n</ul><p data-sourcepos=\"66:1-66:17\"><strong>[폭염 대비 안전 수칙]</strong></p><ul data-sourcepos=\"67:1-70:0\">\r\n<li data-sourcepos=\"67:1-67:44\">가장 무더운 시간대(낮 12시~오후 5시)에는 무리한 야외 활동을 피합니다.</li>\r\n<li data-sourcepos=\"68:1-68:37\">목이 마르지 않더라도 물을 자주 마셔 충분한 수분을 섭취합니다.</li>\r\n<li data-sourcepos=\"69:1-70:0\">모자, 선글라스, 자외선 차단제를 사용하여 피부를 보호합니다.</li>\r\n</ul><p data-sourcepos=\"71:1-71:62\">여러분의 건강하고 안전한 여행을 위해 저희 <strong>TripFul</strong>도 최신 정보를 제공하는 데 최선을 다하겠습니다.</p>','','tripful1234','2025-06-10 00:40:55',5321),(23,'[중요] 개인정보처리방침 개정 사전 안내 (시행일: 2025년 7월 11일)','<p data-sourcepos=\"11:1-11:23\">안녕하십니까. TripFul 운영팀입니다.</p><p data-sourcepos=\"13:1-13:129\">TripFul 서비스를 이용해 주시는 회원님께 진심으로 감사드리며, 개인정보처리방침 개정에 대해 사전 안내해 드립니다. 이번 개정은 개인정보 보호 관련 법규를 준수하고, 회원님의 개인정보를 더욱 체계적으로 보호하기 위해 진행됩니다.</p><p data-sourcepos=\"15:1-15:15\"><strong>1. 주요 개정 내용</strong></p><ul data-sourcepos=\"16:1-19:0\">\r\n<li data-sourcepos=\"16:1-16:34\">개인정보의 추가 수집 항목 명시 (제3자 정보 제공 관련)</li>\r\n<li data-sourcepos=\"17:1-17:34\">개인정보의 국외 이전 및 위탁 업체 변경에 따른 내용 추가</li>\r\n<li data-sourcepos=\"18:1-19:0\">회원의 권리 및 행사 방법에 대한 설명 구체화</li>\r\n</ul><p data-sourcepos=\"20:1-20:12\"><strong>2. 시행 일자</strong></p><ul data-sourcepos=\"21:1-22:0\">\r\n<li data-sourcepos=\"21:1-22:0\">변경된 개인정보처리방침은 **2025년 7월 11일(금)**부터 효력이 발생합니다.</li>\r\n</ul><p data-sourcepos=\"23:1-23:95\">개정된 내용의 전문은 [개인정보처리방침] 페이지에서 확인하실 수 있으며, 시행일까지 별도의 거부 의사를 표시하지 않으시는 경우 본 개정 내용에 동의하신 것으로 간주됩니다.</p><p data-sourcepos=\"25:1-25:52\">TripFul은 앞으로도 회원님의 소중한 개인정보를 안전하게 보호하는 데 최선을 다하겠습니다.</p>','','tripful1234','2025-06-10 00:42:03',4133),(24,'[정보] 2025년 여름 성수기(7~8월) 관광 정보 업데이트 완료 안내','<p data-sourcepos=\"35:1-35:23\">안녕하십니까. TripFul 운영팀입니다.</p><p data-sourcepos=\"37:1-37:91\">본격적인 여름 휴가 시즌을 맞이하여, 여행객 여러분이 보다 정확한 정보로 여행을 계획하실 수 있도록 2025년 7월~8월 성수기 관광 정보를 전면 업데이트했습니다.</p><p data-sourcepos=\"39:1-39:16\"><strong>[주요 업데이트 항목]</strong></p><ul data-sourcepos=\"40:1-44:0\">\r\n<li data-sourcepos=\"40:1-40:34\">전국 주요 해수욕장 및 워터파크 개장일 및 운영 시간 정보</li>\r\n<li data-sourcepos=\"41:1-41:23\">여름 지역 축제 상세 일정 및 프로그램</li>\r\n<li data-sourcepos=\"42:1-42:34\">성수기 기간 버스, 열차 등 대중교통 운행 정보 변경 사항</li>\r\n<li data-sourcepos=\"43:1-44:0\">국립공원 여름철 탐방로 개방 및 통제 현황</li>\r\n</ul><p data-sourcepos=\"45:1-45:84\">\'지역별 관광지\' 메뉴에서 최신 정보를 확인하시고, 여행 출발 전 변동 사항이 없는지 한 번 더 확인하시어 즐겁고 안전한 여름휴가를 보내시길 바랍니다.</p>','','tripful1234','2025-06-10 00:42:28',2569),(25,' [출시] 더 편리한 여행의 시작, TripFul 공식 모바일 앱 출시 안내','<p data-sourcepos=\"55:1-55:23\">안녕하십니까. TripFul 운영팀입니다.</p><p data-sourcepos=\"57:1-57:66\">언제 어디서든 TripFul의 모든 정보를 손쉽게 확인하실 수 있는 공식 모바일 애플리케이션(앱)을 정식 출시했습니다.</p><p data-sourcepos=\"59:1-59:136\">이제 모바일 앱을 통해 현 위치 기반 관광지 검색, \'나만의 여행 코스\' 실시간 편집, 중요 공지사항 푸시 알림 등 더욱 스마트하고 편리한 기능을 이용하실 수 있습니다. 지금 바로 아래 링크를 통해 다운로드하고 더 풍성한 여행을 경험해 보세요.</p><ul data-sourcepos=\"61:1-63:0\">\r\n<li data-sourcepos=\"61:1-61:30\"><strong>[Google Play Store 바로가기]</strong></li>\r\n<li data-sourcepos=\"62:1-63:0\"><strong>[Apple App Store 바로가기]</strong></li>\r\n</ul><p data-sourcepos=\"64:1-64:63\">여러분의 소중한 피드백을 바탕으로 꾸준히 발전하는 TripFul 앱이 되겠습니다. 많은 이용과 관심 부탁드립니다.</p>','','tripful1234','2025-06-10 00:42:56',3432),(26,'[캠페인] 허위·과장 정보 주의 및 안전한 여행 문화 정착 안내','<p data-sourcepos=\"74:1-74:50\">안녕하십니까. TripFul은 신뢰할 수 있는 여행 정보 제공을 최우선 가치로 생각합니다.</p><p data-sourcepos=\"76:1-76:109\">최근 여름 성수기를 틈타 검증되지 않은 숙소 예약 사이트나 과장된 광고, 허위 후기 등으로 인한 피해가 우려되고 있습니다. 아래 사항을 참고하시어 안전한 여행 문화를 함께 만들어 주시기 바랍니다.</p><ol data-sourcepos=\"78:1-81:0\">\r\n<li data-sourcepos=\"78:1-78:70\"><strong>예약은 공식 채널에서:</strong> 숙소, 렌터카 등 예약 시 공식 홈페이지 또는 신뢰도 높은 예약 플랫폼을 이용해 주세요.</li>\r\n<li data-sourcepos=\"79:1-79:80\"><strong>정보는 교차 확인:</strong> 하나의 후기나 정보만 믿기보다, TripFul 내 다른 정보 및 공식 자료와 비교·확인하는 습관이 중요합니다.</li>\r\n<li data-sourcepos=\"80:1-81:0\"><strong>의심 정보 적극 신고:</strong> 허위 또는 과장으로 의심되는 게시물이나 댓글 발견 시, 해당 게시물의 \'신고하기\' 기능을 통해 알려주시면 신속히 조치하겠습니다.</li>\r\n</ol><p data-sourcepos=\"82:1-82:71\">TripFul은 클린 리뷰 시스템을 통해 지속적으로 허위 정보를 걸러내고, 모두가 믿을 수 있는 정보의 광장을 만들어가겠습니다.</p>','','tripful1234','2025-06-10 00:43:24',4108),(27,'[참여] TripFul을 함께 만들어주세요! 정보 제보 및 우수 활동자 안내','<p data-sourcepos=\"92:1-92:48\">안녕하십니까. TripFul은 사용자 여러분과 함께 만들어가는 여행 정보 플랫폼입니다.</p><p data-sourcepos=\"94:1-94:63\">여행 중 발견하신 소중한 정보를 공유해 주세요. 여러분의 참여가 TripFul을 더욱 정확하고 풍부하게 만듭니다.</p><ul data-sourcepos=\"96:1-100:0\">\r\n<li data-sourcepos=\"96:1-97:77\"><strong>[정보 수정 제보]</strong>\r\n운영 시간이 바뀌었거나 폐업한 가게, 잘못된 위치 정보 등을 발견하시면 각 정보 하단의 \'정보 수정 제안\' 버튼을 통해 알려주세요.</li>\r\n<li data-sourcepos=\"98:1-100:0\"><strong>[나만 아는 명소 공유]</strong>\r\n아직 잘 알려지지 않은 숨은 맛집, 포토존, 힐링 장소가 있다면 \'QnA 게시판\'이나 \'커뮤니티\'를 통해 자유롭게 공유해 주세요.</li>\r\n</ul><p data-sourcepos=\"101:1-101:113\">매월 정확한 정보를 제보해 주시거나 우수한 팁을 공유해 주신 분들을 \'이달의 TripFul Explorer\'로 선정하여 프로필에 기념 배지를 달아드리는 작은 혜택을 드릴 예정이오니, 많은 참여 바랍니다.</p>','','tripful1234','2025-06-10 00:44:57',1854),(28,'[중요] TripFul 서비스 이용약관 개정 사전 안내 (시행일: 2025년 8월 1일)','<p data-sourcepos=\"11:1-11:23\">안녕하십니까. TripFul 운영팀입니다.</p><p data-sourcepos=\"13:1-13:87\">TripFul을 이용해 주시는 회원님께 감사드리며, 보다 명확한 서비스 제공 기준을 확립하기 위해 서비스 이용약관을 개정하게 되었음을 사전 안내해 드립니다.</p><ul data-sourcepos=\"15:1-17:0\">\r\n<li data-sourcepos=\"15:1-15:71\"><strong>주요 개정 내용:</strong> \'나만의 여행 코스\' 서비스 관련 저작권 및 책임 소재 명확화, 커뮤니티 게시물 관리 정책 구체화.</li>\r\n<li data-sourcepos=\"16:1-17:0\"><strong>시행 일자:</strong> 변경된 이용약관은 2025년 8월 1일(금)부터 효력이 발생합니다.</li>\r\n</ul><p data-sourcepos=\"18:1-18:117\">개정된 약관 전문은 [이용약관] 페이지에서 확인하실 수 있으며, 시행일까지 별도의 거부 의사를 표시하지 않으시면 본 개정에 동의하신 것으로 간주됩니다. 앞으로도 투명하고 공정한 운영을 위해 최선을 다하겠습니다.</p>','','tripful1234','2025-06-10 00:45:57',1542),(29,'[정보] 2025년 추석 연휴 대비 특별 교통정보 및 관광지 운영 안내','<p data-sourcepos=\"28:1-28:23\">안녕하십니까. TripFul 운영팀입니다.</p><p data-sourcepos=\"30:1-30:77\">민족 대명절 추석을 맞이하여, 귀성 및 여행을 계획하시는 분들을 위해 연휴 기간 특별 교통정보와 주요 관광지 운영 현황을 안내해 드립니다.</p><ul data-sourcepos=\"32:1-34:0\">\r\n<li data-sourcepos=\"32:1-32:40\"><strong>안내 기간:</strong> 2025년 10월 5일(일) ~ 10월 8일(수)</li>\r\n<li data-sourcepos=\"33:1-34:0\"><strong>주요 정보:</strong> 고속도로 실시간 소통 정보, 버스/열차 증편 운행, 주요 관광지 정상 운영 및 휴무 여부, 임시 주차장 정보 등.</li>\r\n</ul><p data-sourcepos=\"35:1-35:88\">\'지역별 관광지\' 메뉴 및 실시간 공지를 통해 변동 사항을 수시로 업데이트할 예정이오니, 출발 전 반드시 확인하시어 편안하고 풍성한 한가위 보내시길 바랍니다.</p>','','tripful1234','2025-06-10 00:46:17',3153),(30,'[업데이트] 전국의 여행 소식을 한눈에! \'이벤트\' 게시판 신설 안내','<p data-sourcepos=\"45:1-45:23\">안녕하십니까. TripFul 운영팀입니다.</p><p data-sourcepos=\"47:1-47:66\">전국 각지에서 열리는 다채로운 여행 관련 소식을 더욱 편리하게 접하실 수 있도록 \'이벤트\' 메뉴를 새롭게 신설했습니다.</p><p data-sourcepos=\"49:1-49:134\">이제 지자체 및 관광업계에서 주최하는 각종 할인 프로모션, 박람회, 체험 프로그램, 공모전 등의 정보를 한 곳에서 모아보실 수 있습니다. 좋은 혜택과 즐길 거리를 놓치지 않도록 많은 이용 바랍니다. 이벤트 정보 제보 또한 언제나 환영합니다.</p>','','tripful1234','2025-06-10 00:46:36',4248),(31,'[정보] 2025년 가을 단풍 시즌 맞이 추천 명소 정보 업데이트 안내','<p data-sourcepos=\"59:1-59:23\">안녕하십니까. TripFul 운영팀입니다.</p><p data-sourcepos=\"61:1-61:62\">울긋불긋 아름다운 가을의 정취를 만끽하실 수 있도록, 전국 단풍 명소와 추천 여행 코스 정보를 업데이트했습니다.</p><ul data-sourcepos=\"63:1-64:0\">\r\n<li data-sourcepos=\"63:1-64:0\"><strong>주요 업데이트:</strong> 지역별 첫 단풍 및 절정 시기 예측, 국립공원 단풍 탐방로 추천, 인근 맛집 및 숙소 정보 연계 강화.</li>\r\n</ul><p data-sourcepos=\"65:1-65:75\">\'지역별 관광지\'와 \'테마 여행\' 메뉴에서 낭만적인 가을 여행을 계획해 보세요. 실시간 단풍 현황 사진도 꾸준히 업데이트될 예정입니다.</p>','','tripful1234','2025-06-10 00:46:56',4882),(32,'[정책] 건전한 커뮤니티 환경 조성을 위한 악성 게시물 처리 정책 강화 안내','<p data-sourcepos=\"75:1-75:42\">안녕하십니까. TripFul은 건전하고 깨끗한 정보 공유 문화를 지향합니다.</p><p data-sourcepos=\"77:1-77:148\">최근 일부 게시판에서 발견되는 비방, 욕설, 무분별한 광고, 허위사실 유포 등 악의적인 게시물에 대한 처리 정책을 강화합니다. 앞으로 커뮤니티 가이드라인에 위배되는 게시물은 사전 통보 없이 삭제될 수 있으며, 상습적인 위반 계정은 서비스 이용이 제한될 수 있습니다.</p><p data-sourcepos=\"79:1-79:70\">회원 여러분께서도 악성 게시물 발견 시 적극적인 신고로 협조해 주시면, 신뢰할 수 있는 커뮤니티를 만드는 데 큰 힘이 됩니다.</p>','','tripful1234','2025-06-10 00:47:12',3792),(33,'[안내] 2025년 7월 1일부터 고객센터(QnA) 운영 시간 변경 안내','<p data-sourcepos=\"89:1-89:23\">안녕하십니까. TripFul 운영팀입니다.</p><p data-sourcepos=\"91:1-91:80\">보다 효율적인 업무 처리와 신속한 답변을 위해 2025년 7월 1일(화)부터 고객센터(QnA 게시판 응대) 운영 시간을 아래와 같이 변경합니다.</p><ul data-sourcepos=\"93:1-95:0\">\r\n<li data-sourcepos=\"93:1-93:26\"><strong>기존:</strong> 평일 09:00 ~ 18:00</li>\r\n<li data-sourcepos=\"94:1-95:0\"><strong>변경:</strong> 평일 10:00 ~ 17:00 (점심시간 12:30 ~ 13:30)</li>\r\n</ul><p data-sourcepos=\"96:1-96:59\">운영 시간 외에 남겨주신 문의는 다음 영업일에 순차적으로 답변드리겠습니다. 이용에 참고해 주시기 바랍니다.</p>','','tripful1234','2025-06-10 00:47:29',2786),(34,'[중요] 더 빠른 서비스를 위한 서버 이전 작업 안내 (7/22)','<p data-sourcepos=\"106:1-106:23\">안녕하십니까. TripFul 운영팀입니다.</p><p data-sourcepos=\"108:1-108:108\">홈페이지 접속 속도 및 전반적인 서비스 성능 향상을 위해 아래와 같이 서버 이전 작업을 진행할 예정입니다. 작업 시간 동안 서비스 접속이 간헐적으로 불안정할 수 있는 점 미리 양해 부탁드립니다.</p><ul data-sourcepos=\"110:1-112:0\">\r\n<li data-sourcepos=\"110:1-110:42\"><strong>작업 일시:</strong> 2025년 7월 22일(화) 01:00 ~ 05:00</li>\r\n<li data-sourcepos=\"111:1-112:0\"><strong>작업 내용:</strong> 고성능 클라우드 서버로의 인프라 이전</li>\r\n</ul><p data-sourcepos=\"113:1-113:54\">더욱 쾌적한 서비스 환경으로 보답하기 위한 과정이오니, 이용자 여러분의 너그러운 양해를 구합니다.</p>','','tripful1234','2025-06-10 00:47:52',1815),(35,'[개선] 스팸 게시물 차단을 위한 AI 필터링 시스템 도입 안내','<p data-sourcepos=\"141:1-141:23\">안녕하십니까. TripFul 운영팀입니다.</p><p data-sourcepos=\"143:1-143:80\">최근 급증하는 불법 광고 및 스팸 게시물로부터 쾌적한 커뮤니티 환경을 보호하기 위해, 인공지능(AI) 기반의 스팸 필터링 시스템을 도입했습니다.</p><p data-sourcepos=\"145:1-145:134\">본 시스템은 24시간 자동으로 스팸성 키워드와 패턴을 감지하여 해당 게시물을 임시 차단하며, 이후 운영팀의 최종 검토를 거쳐 처리됩니다. 시스템 초기에는 정상적인 게시물이 오탐지될 수 있으나, 지속적인 학습을 통해 정확도를 높여나가겠습니다.</p>','','tripful1234','2025-06-10 00:48:12',2703);
/*!40000 ALTER TABLE `tripful_notice` ENABLE KEYS */;
UNLOCK TABLES;

--
-- Table structure for table `tripful_place`
--

DROP TABLE IF EXISTS `tripful_place`;
/*!40101 SET @saved_cs_client     = @@character_set_client */;
/*!50503 SET character_set_client = utf8mb4 */;
CREATE TABLE `tripful_place` (
  `place_num` int NOT NULL AUTO_INCREMENT,
  `country_name` varchar(50) NOT NULL,
  `place_img` text NOT NULL,
  `place_content` longtext NOT NULL,
  `place_tag` varchar(2000) NOT NULL,
  `place_code` varchar(2000) NOT NULL,
  `place_name` varchar(300) NOT NULL,
  `place_count` int NOT NULL,
  `continent_name` varchar(50) NOT NULL,
  `place_addr` varchar(200) NOT NULL,
  `place_like` int NOT NULL DEFAULT '0',
  PRIMARY KEY (`place_num`)
) ENGINE=InnoDB AUTO_INCREMENT=271 DEFAULT CHARSET=utf8mb4 COLLATE=utf8mb4_0900_ai_ci;
/*!40101 SET character_set_client = @saved_cs_client */;

--
-- Dumping data for table `tripful_place`
--

LOCK TABLES `tripful_place` WRITE;
/*!40000 ALTER TABLE `tripful_place` DISABLE KEYS */;
INSERT INTO `tripful_place` VALUES (196,'대한민국','/TripFul_Project/save/경복궁.jpg,/TripFul_Project/save/경복궁2.jpg,/TripFul_Project/save/경복궁3.jpg','<p><p><b>\"오백년 왕조의 중심, 경복궁의 품으로\"</b></p><p data-start=\"125\" data-end=\"427\">경복궁은 조선 왕조의 정궁으로, 1395년 태조 이성계에 의해 한양에 건설된 최초의 궁궐입니다. ‘큰 복을 누리라’는 뜻을 담고 있으며, 조선 왕실의 정치와 생활의 중심지 역할을 했습니다. 임진왜란으로 소실된 뒤 고종 때 중건되었으며, 현재는 복원 작업을 통해 조선 후기 궁궐의 모습을 되찾고 있습니다. 광화문, 근정전, 경회루, 향원정 등 역사적 건축물들이 고스란히 남아 있어 조선 건축의 아름다움과 위엄을 느낄 수 있는 장소입니다. 서울 도심 속에서 과거와 현재가 공존하는 특별한 공간으로, 국내외 관광객들에게 꾸준히 사랑받고 있습니다.</p><hr data-start=\"429\" data-end=\"432\"><h3 data-start=\"434\" data-end=\"449\">🌟 추천 관람 코스</h3><p data-start=\"451\" data-end=\"507\"><strong data-start=\"451\" data-end=\"507\">1. 광화문 → 흥례문 → 근정전 → 사정전 → 강녕전 → 경회루 → 향원정 → 국립고궁박물관</strong></p><ul data-start=\"509\" data-end=\"680\"><li data-start=\"509\" data-end=\"537\"><p data-start=\"511\" data-end=\"537\"><strong data-start=\"511\" data-end=\"518\">광화문</strong>: 경복궁의 정문, 왕권의 상징</p></li><li data-start=\"538\" data-end=\"571\"><p data-start=\"540\" data-end=\"571\"><strong data-start=\"540\" data-end=\"547\">근정전</strong>: 왕이 공식 행사를 치르던 웅장한 정전</p></li><li data-start=\"572\" data-end=\"604\"><p data-start=\"574\" data-end=\"604\"><strong data-start=\"574\" data-end=\"581\">경회루</strong>: 연못 위의 누각, 왕실의 연회 장소</p></li><li data-start=\"605\" data-end=\"640\"><p data-start=\"607\" data-end=\"640\"><strong data-start=\"607\" data-end=\"614\">향원정</strong>: 연못 속 정자, 고요한 풍경 감상 포인트</p></li><li data-start=\"641\" data-end=\"680\"><p data-start=\"643\" data-end=\"680\"><strong data-start=\"643\" data-end=\"654\">국립고궁박물관</strong>: 조선 왕실의 유물들을 전시, 실내 관람 가능</p></li></ul><p data-start=\"682\" data-end=\"745\">⏰ 관람 소요 시간: 약 1시간 30분 ~ 2시간<br data-start=\"709\" data-end=\"712\">📷 사진 스팟: 광화문 광장, 경회루 앞, 향원정 주변</p><br><br></p><p><br></p>','#궁#한복#서울','ChIJod7tSseifDUR9hXHLFNGMIs','경복궁',15404,'asia','대한민국 서울특별시 종로구 사직로 161',10637),(197,'미국','/TripFul_Project/save/그랜드캐니언.jpg,/TripFul_Project/save/그랜드캐니언2.jpg,/TripFul_Project/save/그랜드캐니언3.jpg','<p><b>\"시간이 빚어낸 거대한 협곡, 그랜드 캐니언의 신비\"</b></p><p data-start=\"202\" data-end=\"490\">그랜드 캐니언은 미국 애리조나 주에 위치한 세계적인 자연 명소로, 수백만 년에 걸쳐 콜로라도 강이 만든 깊고 광대한 협곡입니다. 길이 약 446km, 깊이는 최대 1,800m에 이르며, 웅장한 지형과 다채로운 색채가 어우러져 방문객들의 감탄을 자아냅니다. 지질학적 역사와 원주민 문화가 함께 어우러진 이곳은 하이킹, 래프팅, 헬리콥터 투어 등 다양한 액티비티가 가능해 자연 애호가와 모험가들에게 최적의 여행지입니다. 사계절 각기 다른 매력을 가진 그랜드 캐니언은 대자연의 위대함을 생생히 체험할 수 있는 명소입니다.</p><hr data-start=\"492\" data-end=\"495\"><h2 data-start=\"497\" data-end=\"508\">🌟 추천 코스</h2><p data-start=\"510\" data-end=\"564\"><strong data-start=\"510\" data-end=\"564\">1. 사우스 림 전망대 투어 → 헬리콥터 투어 → 콜로라도 강 래프팅 → 하이킹 코스 탐방</strong></p><ul data-start=\"566\" data-end=\"739\"><li data-start=\"566\" data-end=\"614\"><p data-start=\"568\" data-end=\"614\"><strong data-start=\"568\" data-end=\"581\">사우스 림 전망대</strong>: 그랜드 캐니언의 대표적 뷰포인트에서 웅장한 풍경 감상</p></li><li data-start=\"615\" data-end=\"656\"><p data-start=\"617\" data-end=\"656\"><strong data-start=\"617\" data-end=\"628\">헬리콥터 투어</strong>: 하늘에서 바라보는 협곡의 압도적 스케일 경험</p></li><li data-start=\"657\" data-end=\"693\"><p data-start=\"659\" data-end=\"693\"><strong data-start=\"659\" data-end=\"669\">래프팅 체험</strong>: 콜로라도 강을 따라 짜릿한 급류 체험</p></li><li data-start=\"694\" data-end=\"739\"><p data-start=\"696\" data-end=\"739\"><strong data-start=\"696\" data-end=\"703\">하이킹</strong>: 브라이트 엔젤 트레일 등 인기 트레일에서 자연과 가까워지기</p></li></ul><p data-start=\"741\" data-end=\"837\">⏰ 소요 시간: 2~3일 추천<br data-start=\"757\" data-end=\"760\">📍 위치: 미국 애리조나 주 그랜드 캐니언 국립공원<br data-start=\"789\" data-end=\"792\">✈️ 접근: 피닉스, 라스베이거스, 또는 그랜드 캐니언 빌리지 공항 이용 가능</p><br><br><br>','#협곡#자연#경치','ChIJjeAnvVQGzIARjS7UQkRVwrE','그랜드캐니언',6906,'namerica','미국 86052 애리조나 주 그랜드캐년',5364),(198,'페루','/TripFul_Project/save/마추픽추.jpg,/TripFul_Project/save/마추픽추2.jpg,/TripFul_Project/save/마추픽추3.jpg','<p><b>\"잉카 문명의 신비, 고대 도시 마추픽추\"</b></p><p data-start=\"178\" data-end=\"499\">마추픽추는 페루 안데스 산맥 깊숙한 곳에 위치한 고대 잉카 문명의 유적으로, 해발 약 2,430m에 자리 잡아 ‘잉카의 잃어버린 도시’로 불립니다. 15세기 중반 잉카 황제 파차쿠텍이 건설한 이 도시에는 신전, 왕궁, 농경지 등 다양한 건축물이 정교하게 배치되어 있어 잉카 문명의 뛰어난 건축과 천문학 지식을 엿볼 수 있습니다. 1911년 미국 탐험가 하이럼 빙엄에 의해 세계에 알려진 이후 전 세계 여행자들의 성지로 자리 잡았습니다. 안데스의 장대한 자연 경관과 어우러진 마추픽추는 페루 여행의 하이라이트이며, 신비로운 고대 문명을 직접 체험할 수 있는 특별한 장소입니다.</p><hr data-start=\"501\" data-end=\"504\"><h2 data-start=\"506\" data-end=\"517\">🌟 추천 코스</h2><p data-start=\"519\" data-end=\"618\"><strong data-start=\"519\" data-end=\"527\">1일차:</strong> 쿠스코 출발 → 마추픽추 입구 도착 → 유적 탐방 → 와이나픽추 등반 (선택) → 숙박(아구아스 칼리엔테스)<br data-start=\"588\" data-end=\"591\"><strong data-start=\"591\" data-end=\"599\">2일차:</strong> 마추픽추 재방문 또는 쿠스코 귀환</p><ul data-start=\"620\" data-end=\"756\"><li data-start=\"620\" data-end=\"662\"><p data-start=\"622\" data-end=\"662\"><strong data-start=\"622\" data-end=\"636\">쿠스코(Cusco)</strong>: 잉카 제국의 옛 수도, 문화와 역사 탐방</p></li><li data-start=\"663\" data-end=\"718\"><p data-start=\"665\" data-end=\"718\"><strong data-start=\"665\" data-end=\"696\">아구아스 칼리엔테스(Aguas Calientes)</strong>: 마추픽추 입구 마을, 숙박과 휴식</p></li><li data-start=\"719\" data-end=\"756\"><p data-start=\"721\" data-end=\"756\"><strong data-start=\"721\" data-end=\"733\">마추픽추 유적지</strong>: 신전, 광장, 농경지, 와이나픽추 등반</p></li></ul><p></p><p data-start=\"758\" data-end=\"805\">⏰ 소요 시간: 1~2일<br data-start=\"771\" data-end=\"774\">✈️ 접근: 쿠스코에서 기차 및 셔틀 버스 이용 가능</p><br><br><br>','#유네스코#유적지#잉카문명','ChIJVVVViV-abZERJxqgpA43EDo','마추 픽추',2241,'samerica','페루 08680',343),(200,'일본','/TripFul_Project/save/오사카성.jpg,/TripFul_Project/save/오사카성2.jpg,/TripFul_Project/save/오사카성3.jpg','<p><b>\"에도의 기상, 오사카성에서 느끼는 시간 여행\"</b></p><p data-start=\"308\" data-end=\"671\">오사카성은 일본 전국시대의 풍운아 도요토미 히데요시가 1583년에 축조한 성곽으로, 일본 역사 속에서 정치와 권력의 중심지 역할을 해온 상징적인 건축물입니다. 현재의 성은 1931년에 복원된 것으로, 외관은 전통 양식을 유지하면서 내부는 현대적인 박물관으로 구성되어 있습니다. 오사카성 천수각에서는 오사카 시내의 전망을 즐길 수 있으며, 역사 전시관을 통해 일본의 전쟁과 문화, 도요토미 히데요시의 생애 등을 자세히 배울 수 있습니다. 특히 봄철 벚꽃 시즌에는 오사카성 공원 일대가 환상적인 벚꽃길로 변하며, 지역민과 관광객들로 북적이는 대표적인 벚꽃 명소이기도 합니다. 사계절 내내 다양한 풍경과 분위기를 느낄 수 있는 오사카의 필수 방문지입니다.</p><hr data-start=\"673\" data-end=\"676\"><h2 data-start=\"678\" data-end=\"689\">🌟 추천 코스</h2><p data-start=\"691\" data-end=\"765\"><strong data-start=\"691\" data-end=\"765\">1. 오사카성 공원 입장 → 천수각 내부 관람 → 전망대에서 시내 조망 → 공원 산책 및 벚꽃길 탐방 → 니시노마루 정원 감상</strong></p><ul data-start=\"767\" data-end=\"962\"><li data-start=\"767\" data-end=\"804\"><p data-start=\"769\" data-end=\"804\"><strong data-start=\"769\" data-end=\"783\">천수각 관람(8층)</strong>: 역사 전시 및 오사카 시내 전망</p></li><li data-start=\"805\" data-end=\"844\"><p data-start=\"807\" data-end=\"844\"><strong data-start=\"807\" data-end=\"819\">오사카성 박물관</strong>: 도요토미 히데요시와 전국시대 자료 전시</p></li><li data-start=\"845\" data-end=\"881\"><p data-start=\"847\" data-end=\"881\"><strong data-start=\"847\" data-end=\"859\">니시노마루 정원</strong>: 벚꽃 명소 + 고즈넉한 일본 정원</p></li><li data-start=\"882\" data-end=\"920\"><p data-start=\"884\" data-end=\"920\"><strong data-start=\"884\" data-end=\"895\">오사카성 공원</strong>: 자전거 대여, 산책, 노천 퍼포먼스 등</p></li><li data-start=\"921\" data-end=\"962\"><p data-start=\"923\" data-end=\"962\"><strong data-start=\"923\" data-end=\"934\">계절별 이벤트</strong>: 봄 벚꽃 축제, 가을 단풍 야간 라이트업 등</p></li></ul><p></p><p data-start=\"964\" data-end=\"1051\">⏰ 소요 시간: 2 ~ 3시간<br data-start=\"980\" data-end=\"983\">🎫 입장권: 천수각 유료 / 공원 자유 이용<br data-start=\"1008\" data-end=\"1011\">📍 근처 명소: 교바시 쇼핑거리, 텐마바시 강변, 오사카 역사박물관</p><br><br><br>','#성#역사#오사카','ChIJ_TooXM3gAGARQR6hXH3QAQ8','오사카 성',6880,'asia','1-1 Ōsakajō, Chuo Ward, Osaka, 540-0002 일본',3353),(201,'이탈리아','/TripFul_Project/save/콜로세움.jpg,/TripFul_Project/save/콜로세움2.jpg,/TripFul_Project/save/콜로세움3.jpg','<p><b>\"천년을 이어온 로마 검투사의 무대, 콜로세움 탐방\"</b></p><p data-start=\"199\" data-end=\"456\">콜로세움은 고대 로마 시대에 지어진 세계 최대 규모의 원형 경기장으로, 로마 제국의 위대함과 건축 기술을 상징하는 대표적인 유적입니다. 검투사 경기, 모의 해전, 동물 사냥 등 다양한 공개 행사가 열렸던 곳으로, 약 5만 명을 수용할 수 있는 규모를 자랑합니다. 오늘날에도 웅장한 구조와 섬세한 건축미가 잘 보존되어 많은 관광객을 끌어들입니다. 콜로세움은 로마의 역사와 문화, 그리고 인류 건축사의 중요한 이정표로서 로마 방문 시 반드시 들러야 할 명소입니다.</p><hr data-start=\"458\" data-end=\"461\"><h2 data-start=\"463\" data-end=\"474\">🌟 추천 코스</h2><p data-start=\"476\" data-end=\"521\"><strong data-start=\"476\" data-end=\"521\">1. 콜로세움 내부 투어 → 로마 포럼 유적지 방문 → 팔라티노 언덕 산책</strong></p><ul data-start=\"523\" data-end=\"633\"><li data-start=\"523\" data-end=\"560\"><p data-start=\"525\" data-end=\"560\"><strong data-start=\"525\" data-end=\"536\">콜로세움 투어</strong>: 내부 관람과 검투사 경기장 구조 탐색</p></li><li data-start=\"561\" data-end=\"596\"><p data-start=\"563\" data-end=\"596\"><strong data-start=\"563\" data-end=\"572\">로마 포럼</strong>: 고대 로마의 정치, 경제 중심지 유적</p></li><li data-start=\"597\" data-end=\"633\"><p data-start=\"599\" data-end=\"633\"><strong data-start=\"599\" data-end=\"610\">팔라티노 언덕</strong>: 로마의 시작점으로 전설과 유적 산책</p></li></ul><p data-start=\"635\" data-end=\"746\">⏰ 소요 시간: 반나절~하루 코스 추천<br data-start=\"656\" data-end=\"659\">📍 위치: Piazza del Colosseo, 1, 00184 Roma RM, Italy<br data-start=\"710\" data-end=\"713\">🚇 접근: Colosseo 역 (로마 지하철 라인 B)</p><br><br><br>','#로마#역사#투기장','ChIJrRMgU7ZhLxMRxAOFkC7I8Sg','콜로세움',6663,'europe','Piazza del Colosseo, 1, 00184 Roma RM, 이탈리아',867),(202,'이집트','/TripFul_Project/save/피라미드.jpg,/TripFul_Project/save/피라미드2.jpg,/TripFul_Project/save/피라미드3.jpg','<p><b>\"왕들의 무덤, 이집트 문명의 상징 기자의 대피라미드\"</b></p><p data-start=\"212\" data-end=\"489\">기자의 대피라미드는 고대 이집트 문명의 절정기에 건설된 세계 7대 불가사의 중 하나로, 파라오 쿠푸 왕의 무덤입니다. 약 4500년 전 지어진 이 거대한 석조 구조물은 당시 최첨단 건축 기술과 정교한 설계로 이루어져 있으며, 고대 세계에서 가장 높은 인공 구조물로 기록되어 있습니다. 대피라미드는 이집트 피라미드 군 중 가장 크고 보존 상태도 뛰어나 세계 각지에서 수많은 관광객이 방문하는 역사적 명소입니다. 이곳은 이집트 문명의 신비와 고대 왕권의 위엄을 체험할 수 있는 중요한 문화유산입니다.</p><hr data-start=\"491\" data-end=\"494\"><h2 data-start=\"496\" data-end=\"507\">🌟 추천 코스</h2><p data-start=\"509\" data-end=\"561\"><strong data-start=\"509\" data-end=\"561\">1. 기자의 대피라미드 내부 탐험 → 스핑크스 관람 → 주변 소피라미드 및 박물관 방문</strong></p><ul data-start=\"563\" data-end=\"704\"><li data-start=\"563\" data-end=\"615\"><p data-start=\"565\" data-end=\"615\"><strong data-start=\"565\" data-end=\"577\">대피라미드 내부</strong>: 피라미드 내부 복도와 왕의 무덤 구간 탐방 (사전 예약 필요)</p></li><li data-start=\"616\" data-end=\"663\"><p data-start=\"618\" data-end=\"663\"><strong data-start=\"618\" data-end=\"626\">스핑크스</strong>: 인근에 위치한 신비로운 사자의 몸과 인간 머리를 가진 조각상</p></li><li data-start=\"664\" data-end=\"704\"><p data-start=\"666\" data-end=\"704\"><strong data-start=\"666\" data-end=\"676\">박물관 관람</strong>: 고대 이집트 유물과 피라미드 건설 역사 이해</p></li></ul><p></p><p data-start=\"706\" data-end=\"823\">⏰ 소요 시간: 반나절 이상, 역사 깊이 체험 원하면 하루 권장<br data-start=\"741\" data-end=\"744\">📍 위치: Giza Plateau, Cairo Governorate, Egypt<br data-start=\"789\" data-end=\"792\">🚗 접근: 카이로 시내에서 차량으로 약 30분 소요</p><br><br><br>','#고대#유네스코#이집트','ChIJGymPrIdFWBQRJCSloj8vDIE','기자의 대피라미드',3356,'europe','Al Haram, Nazlet El-Semman, Al Haram, Giza Governorate 3512201 이집트',2263),(203,'대한민국','/TripFul_Project/save/한옥마을.jpg,/TripFul_Project/save/한옥마을2.jpg,/TripFul_Project/save/한옥마을3.jpg','<p><b>\"한옥의 고즈넉함 속으로 – 전주의 시간여행\"</b></p><p data-start=\"298\" data-end=\"632\">전주 한옥마을은 전라북도 전주시 완산구에 위치한 한국 최대 규모의 한옥 밀집 지역으로, 약 700여 채의 전통 한옥이 고스란히 보존되어 있는 국내 대표 전통문화 관광지입니다. 조선왕조의 뿌리인 전주 이씨의 본향이자, 전통의상 한복을 입고 골목을 거닐며 조선시대로의 시간여행을 떠날 수 있는 곳으로 유명합니다. 한옥의 기와 지붕과 곡선미를 감상하며, 전통차 카페, 공예 체험, 한지 만들기, 향교 방문 등 다양한 전통문화 콘텐츠를 즐길 수 있습니다. 특히 전주비빔밥, 콩나물국밥, 전주막걸리 등 지역 음식도 빼놓을 수 없는 즐거움이며, 밤에는 조명이 켜진 한옥마을 골목이 또 다른 낭만을 선사합니다.</p><hr data-start=\"634\" data-end=\"637\"><h2 data-start=\"639\" data-end=\"650\">🌟 추천 코스</h2><p data-start=\"652\" data-end=\"706\"><strong data-start=\"652\" data-end=\"706\">1. 경기전 → 전주향교 → 전통 공예 체험 → 전통음식 탐방 → 한복 체험 후 야경 감상</strong></p><ul data-start=\"708\" data-end=\"947\"><li data-start=\"708\" data-end=\"750\"><p data-start=\"710\" data-end=\"750\"><strong data-start=\"710\" data-end=\"717\">경기전</strong>: 태조 이성계의 어진이 모셔진 곳, 고즈넉한 전통 정원</p></li><li data-start=\"751\" data-end=\"784\"><p data-start=\"753\" data-end=\"784\"><strong data-start=\"753\" data-end=\"761\">전주향교</strong>: 조선시대 교육기관, 고즈넉한 분위기</p></li><li data-start=\"785\" data-end=\"826\"><p data-start=\"787\" data-end=\"826\"><strong data-start=\"787\" data-end=\"809\">전주 전통문화관 or 공예품 상점</strong>: 한지공예, 매듭 등 체험</p></li><li data-start=\"827\" data-end=\"879\"><p data-start=\"829\" data-end=\"879\"><strong data-start=\"829\" data-end=\"836\">먹거리</strong>: 전주비빔밥, 풍남문 근처 길거리 음식(초코파이 찹쌀떡, 전주떡갈비 등)</p></li><li data-start=\"880\" data-end=\"908\"><p data-start=\"882\" data-end=\"908\"><strong data-start=\"882\" data-end=\"890\">한복체험</strong>: 대여 후 골목길 사진 촬영</p></li><li data-start=\"909\" data-end=\"947\"><p data-start=\"911\" data-end=\"947\"><strong data-start=\"911\" data-end=\"920\">야경 추천</strong>: 오목대 일대에서 내려다보는 한옥 지붕 풍경</p></li></ul><p></p><p data-start=\"949\" data-end=\"1047\">⏰ 소요 시간: 반나절 or 하루 코스 추천</p><p data-start=\"949\" data-end=\"1047\">📍 추천 시기: 봄, 가을 (한복과 사진 촬영하기 가장 좋음)</p><p data-start=\"949\" data-end=\"1047\">🚉 접근: 전주역 or 고속버스터미널 → 버스/택시 10-15분</p><br><br><br>','#전통#가옥#한복','ChIJgdjBbJ8kcDUR-2j_uADp4y4','한옥마을',5258,'asia','대한민국 전북특별자치도 전주시 완산구 전동 187-12번지 층',4423),(204,'오스트레일리아','/TripFul_Project/save/그레이트 배리어 리프.jpg,/TripFul_Project/save/그레이트 배리어 리프2.jpg','<p><b>\"지구 최대의 산호 생태계, 그레이트 배리어 리프\"</b></p><p data-start=\"285\" data-end=\"548\">그레이트 배리어 리프는 호주 북동부 해안에 위치한 세계 최대의 산호초 군락지로, 약 2,300km에 걸쳐 펼쳐져 있습니다. 유네스코 세계자연유산으로 지정된 이 지역은 1,500종 이상의 어류와 다양한 산호, 해양 생물이 서식하는 생태계의 보고입니다. 스노클링과 다이빙 명소로 전 세계 관광객들이 방문하며, 투명한 바다와 다채로운 해양 생태를 직접 체험할 수 있습니다. 환경 보호와 지속 가능한 관광이 중요한 이 지역은 자연의 신비로움을 그대로 느끼기에 최적의 장소입니다.</p><hr data-start=\"550\" data-end=\"553\"><h2 data-start=\"555\" data-end=\"566\">🌟 추천 코스</h2><p data-start=\"568\" data-end=\"630\"><strong data-start=\"568\" data-end=\"630\">1. 케언즈에서 출발 → 스노클링 및 다이빙 체험 → 리프 크루즈 투어 → 해변 휴식 및 생태 해설 관람</strong></p><ul data-start=\"632\" data-end=\"798\"><li data-start=\"632\" data-end=\"675\"><p data-start=\"634\" data-end=\"675\"><strong data-start=\"634\" data-end=\"649\">케언즈(Cairns)</strong>: 그레이트 배리어 리프로 가는 주요 출발지</p></li><li data-start=\"676\" data-end=\"711\"><p data-start=\"678\" data-end=\"711\"><strong data-start=\"678\" data-end=\"690\">스노클링/다이빙</strong>: 다채로운 산호와 해양 생물 관찰</p></li><li data-start=\"712\" data-end=\"755\"><p data-start=\"714\" data-end=\"755\"><strong data-start=\"714\" data-end=\"724\">리프 크루즈</strong>: 유리 바닥 보트 투어나 헬리콥터 투어로 전경 감상</p></li><li data-start=\"756\" data-end=\"798\"><p data-start=\"758\" data-end=\"798\"><strong data-start=\"758\" data-end=\"782\">그린 아일랜드/피츠로이 아일랜드 방문</strong>: 휴양과 자연 체험 병행</p></li></ul><p data-start=\"800\" data-end=\"889\">⏰ 소요 시간: 하루 또는 2일 코스 가능<br data-start=\"823\" data-end=\"826\">📍 위치: Queensland, Australia<br data-start=\"854\" data-end=\"857\">🚗 접근: 케언즈 국제공항에서 차량/투어 버스로 이동</p><br><br>','#산호초#자연#바다','ChIJO3EsgkYU32sR2jyDNkFXKhk','그레이트 배리어 리프',2212,'asia','오스트레일리아 그레이트배리어리프',385),(205,'미국','/TripFul_Project/save/나이아가라 폭포.jpg,/TripFul_Project/save/나이아가라 폭포2.jpg','<p><b>\"미국과 캐나다를 잇는 거대한 물보라, 나이아가라 폭포 탐험\"</b></p><p data-start=\"211\" data-end=\"498\">나이아가라 폭포는 미국 뉴욕 주와 캐나다 온타리오 주 경계에 위치한 세계적으로 유명한 폭포로, 세 개의 폭포(호스슈 폭포, 아메리칸 폭포, 브라이들 베일 폭포)가 모여 장대한 물줄기를 이룹니다. 매초 엄청난 양의 물이 떨어져내리며, 그 웅장한 소리와 물보라로 방문객들에게 강렬한 인상을 남깁니다. 자연의 경이로움과 더불어 관광, 헬리콥터 투어, 유람선 ‘메이드 오브 더 미스트’ 등 다양한 액티비티가 가능해 매년 수백만 명이 찾는 인기 명소입니다. 특히 야간 조명과 계절별 불꽃축제는 환상적인 분위기를 선사합니다.</p><hr data-start=\"500\" data-end=\"503\"><h2 data-start=\"505\" data-end=\"516\">🌟 추천 코스</h2><p data-start=\"518\" data-end=\"583\"><strong data-start=\"518\" data-end=\"583\">1. 메이드 오브 더 미스트 유람선 탑승 → 캐나다 측 전망대 방문 → 헬리콥터 투어 → 나이아가라 파크 산책</strong></p><ul data-start=\"585\" data-end=\"760\"><li data-start=\"585\" data-end=\"634\"><p data-start=\"587\" data-end=\"634\"><strong data-start=\"587\" data-end=\"603\">메이드 오브 더 미스트</strong>: 폭포 바로 아래까지 가서 물보라를 가까이에서 체험</p></li><li data-start=\"635\" data-end=\"677\"><p data-start=\"637\" data-end=\"677\"><strong data-start=\"637\" data-end=\"648\">캐나다 전망대</strong>: 나이아가라 폭포를 한눈에 조망할 수 있는 명소</p></li><li data-start=\"678\" data-end=\"714\"><p data-start=\"680\" data-end=\"714\"><strong data-start=\"680\" data-end=\"691\">헬리콥터 투어</strong>: 하늘에서 바라보는 압도적 자연 경관</p></li><li data-start=\"715\" data-end=\"760\"><p data-start=\"717\" data-end=\"760\"><strong data-start=\"717\" data-end=\"729\">나이아가라 파크</strong>: 산책로와 정원을 걸으며 자연과 함께하는 힐링 타임</p></li></ul><p></p><p data-start=\"762\" data-end=\"847\">⏰ 소요 시간: 1~2일 추천<br data-start=\"778\" data-end=\"781\">📍 위치: 미국 뉴욕주와 캐나다 온타리오주 경계<br data-start=\"808\" data-end=\"811\">✈️ 접근: 토론토 또는 뉴욕시에서 차량 또는 버스 이용 가능</p><br><br>','#폭포#자연','ChIJ6XotQQdD04kRW-OcaB4dvik','나이아가라 폭포',3547,'namerica','미국 14303 뉴욕 나이아가라폴스',3832),(206,'일본','/TripFul_Project/save/도쿄 타워.jpg,/TripFul_Project/save/도쿄 타워2.jpg','<p><b>\"빛으로 물든 도쿄의 심장, 도쿄 타워\"</b></p><p data-start=\"306\" data-end=\"644\">도쿄 타워는 일본 도쿄 미나토구에 위치한 통신탑으로, 1958년에 완공된 이후 도쿄의 대표적인 랜드마크로 사랑받아 왔습니다. 프랑스의 에펠탑에서 영감을 받아 지어졌으며, 높이는 333미터로 일본의 전후 재건과 발전을 상징하는 구조물이기도 합니다. 낮에는 밝고 경쾌한 도시 풍경을, 밤에는 환상적인 조명과 함께 낭만적인 야경을 감상할 수 있어 관광객들에게 큰 인기를 끌고 있습니다. 메인 덱과 탑 덱 두 개의 전망대에서는 도쿄 시내는 물론 후지산까지 조망할 수 있으며, 내부에는 아쿠아리움, 카페, 상점, 기념관 등 다양한 즐길 거리도 마련되어 있어 가족, 커플, 친구 모두에게 추천할 수 있는 명소입니다.</p><hr data-start=\"646\" data-end=\"649\"><h2 data-start=\"651\" data-end=\"662\">🌟 추천 코스</h2><p data-start=\"664\" data-end=\"732\"><strong data-start=\"664\" data-end=\"732\">1. 도쿄 타워 입장 → 전망대에서 도심 조망 → 기념품샵 &amp; 테마 카페 이용 → 조명 점등 시간에 맞춰 외관 감상</strong></p><ul data-start=\"734\" data-end=\"961\"><li data-start=\"734\" data-end=\"775\"><p data-start=\"736\" data-end=\"775\"><strong data-start=\"736\" data-end=\"750\">메인 덱(150m)</strong>: 도쿄 전역이 한눈에 들어오는 정면 전망</p></li><li data-start=\"776\" data-end=\"825\"><p data-start=\"778\" data-end=\"825\"><strong data-start=\"778\" data-end=\"794\">탑 덱 투어(250m)</strong>: 유리로 된 바닥과 고도감이 인상적인 상층부 전망대</p></li><li data-start=\"826\" data-end=\"870\"><p data-start=\"828\" data-end=\"870\"><strong data-start=\"828\" data-end=\"857\">TOKYO TOWER OFFICIAL SHOP</strong>: 한정 기념품 쇼핑</p></li><li data-start=\"871\" data-end=\"916\"><p data-start=\"873\" data-end=\"916\"><strong data-start=\"873\" data-end=\"891\">FootTown(푸트타운)</strong>: 식사, 전시, 체험이 가능한 복합 공간</p></li><li data-start=\"917\" data-end=\"961\"><p data-start=\"919\" data-end=\"961\"><strong data-start=\"919\" data-end=\"931\">야간 조명 감상</strong>: 계절별 컬러 조명으로 바뀌며, 촬영 명소로 인기</p></li></ul><p></p><p data-start=\"963\" data-end=\"1049\">⏰ 소요 시간: 1.5 ~ 2.5시간<br data-start=\"983\" data-end=\"986\">🎫 입장권: 메인덱 + 탑덱 패키지 추천<br data-start=\"1009\" data-end=\"1012\">📍 근처 명소: 조조지 절(増上寺), 롯폰기 힐즈, 시바 공원</p><br><br><br><br><br>','#도쿄#랜드마크#야경','ChIJCewJkL2LGGAR3Qmk0vCTGkg','도쿄 타워',6913,'asia','4-chōme-2-8 Shibakōen, Minato City, Tokyo 105-0011 일본',4535),(207,'프랑스','/TripFul_Project/save/루브르 박물관.jpg,/TripFul_Project/save/루브르 박물관3.jpg,/TripFul_Project/save/루브르 박물관2.jpg','<p><b>\"세계 최대 미술관, 루브르에서 펼쳐지는 문화 여행\"</b></p><p data-start=\"211\" data-end=\"501\">루브르 박물관은 프랑스 파리 중심에 위치한 세계 최대 규모의 미술관으로, 고대 문명부터 현대까지 다양한 시대와 지역의 예술품을 소장하고 있습니다. 모나리자, 밀로의 비너스, 사모트라케의 니케 등 세계적으로 유명한 작품들이 전시되어 있어 매년 수백만 명의 방문객이 찾는 명소입니다. 고대 이집트, 그리스, 로마의 유물부터 중세 유럽의 회화와 조각, 근현대 미술작품까지 방대한 컬렉션을 자랑합니다. 루브르 박물관은 역사와 예술, 문화가 어우러진 공간으로서 예술 애호가뿐 아니라 일반 관광객들에게도 특별한 경험을 선사합니다.</p><hr data-start=\"503\" data-end=\"506\"><h2 data-start=\"508\" data-end=\"519\">🌟 추천 코스</h2><p data-start=\"521\" data-end=\"583\"><strong data-start=\"521\" data-end=\"583\">1. 모나리자 앞 관람 → 밀로의 비너스 감상 → 고대 이집트 섹션 탐방 → 루브르 피라미드와 정원 산책</strong></p><ul data-start=\"585\" data-end=\"732\"><li data-start=\"585\" data-end=\"621\"><p data-start=\"587\" data-end=\"621\"><strong data-start=\"587\" data-end=\"595\">모나리자</strong>: 다빈치의 대표작으로, 루브르의 하이라이트</p></li><li data-start=\"622\" data-end=\"655\"><p data-start=\"624\" data-end=\"655\"><strong data-start=\"624\" data-end=\"635\">밀로의 비너스</strong>: 고대 그리스 최고의 조각 작품</p></li><li data-start=\"656\" data-end=\"691\"><p data-start=\"658\" data-end=\"691\"><strong data-start=\"658\" data-end=\"672\">고대 이집트 컬렉션</strong>: 파라오 시대 유물과 미라 등</p></li><li data-start=\"692\" data-end=\"732\"><p data-start=\"694\" data-end=\"732\"><strong data-start=\"694\" data-end=\"706\">루브르 피라미드</strong>: 박물관 입구의 현대적 건축물, 사진 명소</p></li></ul><p></p><p data-start=\"734\" data-end=\"850\">⏰ 소요 시간: 최소 반나절 이상, 하루 코스 권장<br data-start=\"762\" data-end=\"765\">📍 위치: Rue de Rivoli, 75001 Paris, France<br data-start=\"806\" data-end=\"809\">🚇 접근: Palais Royal – Musée du Louvre 역</p><br><br><br>','#박물관#모나리자','ChIJD3uTd9hx5kcR1IQvGfr8dbk','루브르 박물관',6701,'europe','프랑스 75001 파리',5339),(208,'라오스','/TripFul_Project/save/루앙프라방.jpg,/TripFul_Project/save/루앙프라방2.jpg','<p><b>\"아시아의 잃어버린 고도, 루앙프라방에서의 명상 여행\"</b></p><p data-start=\"278\" data-end=\"512\">루앙프라방은 라오스 북부에 위치한 유서 깊은 도시로, 유네스코 세계문화유산으로 지정된 곳입니다. 황금빛 사원들과 프랑스 식민지 시대의 건축물이 조화를 이루며, 고요한 메콩강과 남한강이 만나는 지점에 자리 잡고 있습니다. 매일 아침 수도승들의 탁발 행렬과 저녁의 야시장, 그리고 주변의 폭포와 자연 경관이 여행자에게 평화롭고 영적인 경험을 제공합니다. 전통 불교 문화와 라오스 고유의 정취를 느끼기에 완벽한 여행지입니다.</p><hr data-start=\"514\" data-end=\"517\"><h2 data-start=\"519\" data-end=\"530\">🌟 추천 코스</h2><p data-start=\"532\" data-end=\"617\"><strong data-start=\"532\" data-end=\"617\">1. 루앙프라방 시내 탐방 → 왓 시엥통 사원 방문 → 탁발 행렬 관람 (아침 일찍) → 푸시 산 등반 → 꽝시 폭포 방문 → 메콩강 선셋 크루즈</strong></p><ul data-start=\"619\" data-end=\"801\"><li data-start=\"619\" data-end=\"660\"><p data-start=\"621\" data-end=\"660\"><strong data-start=\"621\" data-end=\"630\">왓 시엥통</strong>: 도시에서 가장 유명한 사원, 화려한 건축과 불상</p></li><li data-start=\"661\" data-end=\"695\"><p data-start=\"663\" data-end=\"695\"><strong data-start=\"663\" data-end=\"672\">탁발 행렬</strong>: 수도승들의 평화로운 새벽 의식 관람</p></li><li data-start=\"696\" data-end=\"731\"><p data-start=\"698\" data-end=\"731\"><strong data-start=\"698\" data-end=\"706\">푸시 산</strong>: 도시 전경을 한눈에 볼 수 있는 전망대</p></li><li data-start=\"732\" data-end=\"764\"><p data-start=\"734\" data-end=\"764\"><strong data-start=\"734\" data-end=\"743\">꽝시 폭포</strong>: 자연 속에서의 휴식과 수영 가능</p></li><li data-start=\"765\" data-end=\"801\"><p data-start=\"767\" data-end=\"801\"><strong data-start=\"767\" data-end=\"778\">메콩강 크루즈</strong>: 노을을 배경으로 한 강변 풍경 감상</p></li></ul><p></p><p data-start=\"803\" data-end=\"876\">⏰ 소요 시간: 2~3일 코스 추천<br data-start=\"822\" data-end=\"825\">📍 위치: Luang Prabang, Laos<br data-start=\"851\" data-end=\"854\">🚗 접근: 루앙프라방 국제공항 이용</p><br><br>','#역사#궁','ChIJoxs9QT8qLzERVmqOYKlJl6w','루앙프라방',1013,'asia','라오스 루앙프라방',683),(209,'중국','/TripFul_Project/save/만리장성2.jpg,/TripFul_Project/save/만리장성.jpg,/TripFul_Project/save/만리장성3.jpg','<p><b>\"천하의 경계를 걷다, 만리장성\"</b></p><p data-start=\"282\" data-end=\"613\">만리장성은 중국 북부를 따라 길게 이어진 고대 성벽으로, 세계에서 가장 긴 건축물로 알려져 있습니다. 기원전 7세기경부터 축조가 시작되어 진시황에 의해 통합된 뒤, 명나라 시대까지 오랜 세월에 걸쳐 완성되었습니다. 총 길이는 약 21,000km에 달하며, 적의 침입을 막기 위한 군사 방어 시설이자 중국 역사의 상징적 유산입니다. 대표적인 관광 코스로는 베이징 근교의 <strong data-start=\"488\" data-end=\"500\">팔달령(八达岭)</strong>, <strong data-start=\"502\" data-end=\"511\">사마대장성</strong>, <strong data-start=\"513\" data-end=\"520\">진산링</strong> 등이 있으며, 각 구간마다 고유의 풍경과 건축미를 자랑합니다. 웅장한 성벽 위를 걷다 보면 마치 수천 년의 시간을 거슬러 올라가는 듯한 감동을 느낄 수 있습니다.</p><hr data-start=\"615\" data-end=\"618\"><h2 data-start=\"620\" data-end=\"631\">🌟 추천 코스</h2><p data-start=\"633\" data-end=\"694\"><strong data-start=\"633\" data-end=\"694\">1. 베이징 출발 → 팔달령 구간 등산 → 장성 정상에서 전망 감상 → 케이블카 하산 → 기념품샵 방문</strong></p><ul data-start=\"696\" data-end=\"904\"><li data-start=\"696\" data-end=\"739\"><p data-start=\"698\" data-end=\"739\"><strong data-start=\"698\" data-end=\"708\">팔달령 장성</strong>: 가장 대중적인 코스, 접근성 좋고 관리 상태 양호</p></li><li data-start=\"740\" data-end=\"786\"><p data-start=\"742\" data-end=\"786\"><strong data-start=\"742\" data-end=\"752\">진산링 구간</strong>: 상대적으로 관광객이 적고 원형에 가까운 장성 체험 가능</p></li><li data-start=\"787\" data-end=\"822\"><p data-start=\"789\" data-end=\"822\"><strong data-start=\"789\" data-end=\"796\">사마대</strong>: 드라마틱한 뷰와 함께 사진 촬영에 최적화</p></li><li data-start=\"823\" data-end=\"858\"><p data-start=\"825\" data-end=\"858\"><strong data-start=\"825\" data-end=\"838\">케이블카/슬라이드</strong>: 왕복이 힘든 이들을 위한 옵션</p></li><li data-start=\"859\" data-end=\"904\"><p data-start=\"861\" data-end=\"904\"><strong data-start=\"861\" data-end=\"876\">현지 전통 음식 체험</strong>: 근처 농가식당 또는 관광지 음식점에서 즐기기</p></li></ul><p></p><p data-start=\"906\" data-end=\"962\">⏰ 소요 시간: 반나절 ~ 하루<br data-start=\"923\" data-end=\"926\">📷 포토 스팟: 정상 전망대, 돌탑 구간, 일출/일몰 타이밍</p><br><br><br>','#역사#유네스코','ChIJzyx_aNch8TUR3yIFlZslQNA','만리장성',7773,'asia','중국 베이징 시 화이러우 구 邮政编码: 101406',5336),(210,'바티칸','/TripFul_Project/save/바티칸 시국.jpg,/TripFul_Project/save/바티칸 시국2.jpg','<p><b>\"가톨릭의 중심, 바티칸 시국의 영적 여정\"</b></p><p data-start=\"204\" data-end=\"480\">바티칸 시국은 이탈리아 로마 안에 위치한 세계에서 가장 작은 독립 국가로, 가톨릭교회의 중심지이자 교황의 거주지입니다. 성 베드로 대성당과 시스티나 성당, 바티칸 박물관 등 세계적인 예술품과 종교 유산이 모여 있어 매년 수많은 관광객과 순례자들이 방문합니다. 미켈란젤로가 그린 시스티나 성당의 천장화와 라파엘로의 작품들이 특히 유명하며, 성 베드로 광장에서는 교황의 공개 강복을 볼 수 있습니다. 바티칸은 신앙과 예술이 조화를 이루는 특별한 공간으로, 방문객에게 깊은 영감과 감동을 선사합니다.</p><hr data-start=\"482\" data-end=\"485\"><h2 data-start=\"487\" data-end=\"498\">🌟 추천 코스</h2><p data-start=\"500\" data-end=\"578\"><strong data-start=\"500\" data-end=\"578\">1. 성 베드로 대성당 내부 관람 → 시스티나 성당 천장화 감상 → 바티칸 박물관 탐방 → 성 베드로 광장 산책 및 교황청 외관 감상</strong></p><ul data-start=\"580\" data-end=\"750\"><li data-start=\"580\" data-end=\"630\"><p data-start=\"582\" data-end=\"630\"><strong data-start=\"582\" data-end=\"595\">성 베드로 대성당</strong>: 세계 최대 규모의 성당, 미켈란젤로의 피에타 조각상 소장</p></li><li data-start=\"631\" data-end=\"672\"><p data-start=\"633\" data-end=\"672\"><strong data-start=\"633\" data-end=\"644\">시스티나 성당</strong>: 미켈란젤로의 걸작 천장화와 최후의 심판 감상</p></li><li data-start=\"673\" data-end=\"711\"><p data-start=\"675\" data-end=\"711\"><strong data-start=\"675\" data-end=\"686\">바티칸 박물관</strong>: 방대한 예술품 컬렉션과 역사 유적 관람</p></li><li data-start=\"712\" data-end=\"750\"><p data-start=\"714\" data-end=\"750\"><strong data-start=\"714\" data-end=\"726\">성 베드로 광장</strong>: 교황 강복 장소, 조각과 건축미 감상</p></li></ul><p></p><p data-start=\"752\" data-end=\"841\">⏰ 소요 시간: 반나절~하루 코스 추천<br data-start=\"773\" data-end=\"776\">📍 위치: Vatican City<br data-start=\"795\" data-end=\"798\">🚇 접근: 로마 지하철 Ottaviano-San Pietro 역에서 도보</p><br><br>','#종교#교황','ChIJPS3UVwqJJRMRsH46sppPCQA','바티칸 시국',7396,'europe','바티칸 시국 00120 Vatican City',3356),(211,'이탈리아','/TripFul_Project/save/베니스 운하.jpg,/TripFul_Project/save/베니스 운하2.jpg','<p><b>\"베니스 운하: 물 위를 흐르는 시간과 이야기\"</b></p><p data-start=\"193\" data-end=\"501\">베니스 운하는 이탈리아 베니스의 도시를 이루는 생명줄과도 같은 수로로, 총 길이가 약 160km에 달하며 도시 전체를 촘촘히 연결합니다. 베니스는 차량이 없는 독특한 도시로, 운하가 주요 교통로 역할을 합니다. 가장 유명한 대운하(그란데 카날레)는 도시 중심을 S자 모양으로 가로지르며, 곤돌라와 수상버스(vaporetti)가 이 운하를 따라 관광객과 주민들을 실어 나릅니다. 운하 주변에는 고풍스러운 궁전과 교회, 상점들이 줄지어 있어, 물 위에서 바라보는 베니스의 아름다운 건축과 풍경은 세계 어디서도 경험할 수 없는 낭만과 역사를 품고 있습니다.</p><hr data-start=\"503\" data-end=\"506\"><h2 data-start=\"508\" data-end=\"519\">🌟 추천 코스</h2><p data-start=\"521\" data-end=\"595\"><strong data-start=\"521\" data-end=\"595\">1. 그란데 카날레 곤돌라 혹은 수상버스 탑승 → 리알토 다리 주변 산책 및 시장 구경 → 산 마르코 광장까지 운하 따라 걷기</strong></p><ul data-start=\"597\" data-end=\"734\"><li data-start=\"597\" data-end=\"640\"><p data-start=\"599\" data-end=\"640\"><strong data-start=\"599\" data-end=\"609\">곤돌라 체험</strong>: 운하를 따라 전통 곤돌라를 타며 도시를 느껴보세요</p></li><li data-start=\"641\" data-end=\"691\"><p data-start=\"643\" data-end=\"691\"><strong data-start=\"643\" data-end=\"662\">수상버스(vaporetto)</strong>: 합리적인 가격으로 운하 전경 감상과 이동 가능</p></li><li data-start=\"692\" data-end=\"734\"><p data-start=\"694\" data-end=\"734\"><strong data-start=\"694\" data-end=\"712\">운하 주변 건축물과 분위기</strong>: 고대 궁전과 아름다운 다리들 감상</p></li></ul><p data-start=\"736\" data-end=\"814\">⏰ 소요 시간: 2~3시간 코스 추천<br data-start=\"756\" data-end=\"759\">📍 위치: Venice, Italy<br data-start=\"779\" data-end=\"782\">🚤 접근: 베니스 산타 루치아 역 근처에서 시작 가능</p><br><br>','#베네치아#운하','ChIJKUgTyxaqfkcREH-QFYcJBwM','베니스 운하',847,'europe','이탈리아 베네치아',663),(212,'영국','/TripFul_Project/save/빅벤.jpg,/TripFul_Project/save/빅벤2.jpg','<p><b>\"빅벤: 역사와 현대가 만나는 런던의 시계탑\"</b></p><p data-start=\"178\" data-end=\"426\">빅벤은 영국 런던의 상징적인 시계탑으로, 웨스트민스터 궁전 내에 위치해 있습니다. 1859년에 완공된 이 시계탑은 정확한 시간 측정과 아름다운 고딕 리바이벌 양식의 건축미로 세계적으로 유명합니다. 원래 빅벤은 시계탑 내에 있는 거대한 종의 이름이었으나, 현재는 시계탑 자체를 지칭하는 말로 널리 쓰이고 있습니다. 매시간 울리는 빅벤의 종소리는 런던 시민과 관광객들에게 친숙한 소리로, 영국의 역사와 전통을 상징하는 랜드마크로 사랑받고 있습니다.</p><hr data-start=\"428\" data-end=\"431\"><h2 data-start=\"433\" data-end=\"444\">🌟 추천 코스</h2><p data-start=\"446\" data-end=\"494\"><strong data-start=\"446\" data-end=\"494\">1. 빅벤과 웨스트민스터 궁전 외관 관람 → 템스 강변 산책 → 런던 아이 탑승</strong></p><ul data-start=\"496\" data-end=\"608\"><li data-start=\"496\" data-end=\"532\"><p data-start=\"498\" data-end=\"532\"><strong data-start=\"498\" data-end=\"512\">빅벤과 웨스트민스터</strong>: 사진 촬영과 주변 건축물 감상</p></li><li data-start=\"533\" data-end=\"571\"><p data-start=\"535\" data-end=\"571\"><strong data-start=\"535\" data-end=\"544\">템스 강변</strong>: 강변을 따라 걷거나 자전거 타기 좋은 코스</p></li><li data-start=\"572\" data-end=\"608\"><p data-start=\"574\" data-end=\"608\"><strong data-start=\"574\" data-end=\"583\">런던 아이</strong>: 근처 대관람차에서 런던 시내 전경 감상</p></li></ul><p></p><p data-start=\"610\" data-end=\"732\">⏰ 소요 시간: 2~3시간 코스 추천<br data-start=\"630\" data-end=\"633\">📍 위치: Westminster, London SW1A 0AA, United Kingdom<br data-start=\"684\" data-end=\"687\">🚇 접근: Westminster 역 (지하철 서클, 디스트릭트, 줄러 라인)</p><br><br>','#시계탑#야경','ChIJ2dGMjMMEdkgRqVqkuXQkj7c','빅 벤',1010,'europe','영국 SW1A 0AA 런던',669),(213,'잠비아','/TripFul_Project/save/빅토리아 폭포.jpg,/TripFul_Project/save/빅토리아 폭포2.jpg','<p><b>\"세계에서 가장 장대한 폭포, 빅토리아 폭포 탐험\"</b></p><p data-start=\"204\" data-end=\"467\">빅토리아 폭포는 아프리카 잠비아와 짐바브웨 국경에 걸쳐 있는 세계에서 가장 웅장한 폭포 중 하나입니다. 약 1.7km의 폭과 108m의 낙차를 자랑하며, 매년 엄청난 양의 물이 쏟아져 내려 장관을 이룹니다. 폭포에서 발생하는 물안개는 수 킬로미터 떨어진 곳에서도 볼 수 있어 ‘천둥치는 연기’라는 뜻의 현지 이름 ‘모시오아 투냐’로 불립니다. 빅토리아 폭포는 유네스코 세계유산으로 지정되어 있으며, 관광객들은 다양한 액티비티와 함께 대자연의 위대함을 경험할 수 있습니다.</p><hr data-start=\"469\" data-end=\"472\"><h2 data-start=\"474\" data-end=\"485\">🌟 추천 코스</h2><p data-start=\"487\" data-end=\"567\"><strong data-start=\"487\" data-end=\"567\">1. 빅토리아 폭포 전망대 방문 → 헬리콥터 투어로 공중 감상 → 잠비아 쪽 빅토리아 폭포 국립공원 탐방 → 짐바브웨 쪽 데빌스 풀 체험</strong></p><ul data-start=\"569\" data-end=\"731\"><li data-start=\"569\" data-end=\"609\"><p data-start=\"571\" data-end=\"609\"><strong data-start=\"571\" data-end=\"578\">전망대</strong>: 폭포의 다양한 각도를 감상할 수 있는 주요 포인트</p></li><li data-start=\"610\" data-end=\"644\"><p data-start=\"612\" data-end=\"644\"><strong data-start=\"612\" data-end=\"623\">헬리콥터 투어</strong>: 하늘에서 바라보는 폭포의 웅장함</p></li><li data-start=\"645\" data-end=\"678\"><p data-start=\"647\" data-end=\"678\"><strong data-start=\"647\" data-end=\"659\">잠비아 국립공원</strong>: 자연 산책과 야생 동물 관찰</p></li><li data-start=\"679\" data-end=\"731\"><p data-start=\"681\" data-end=\"731\"><strong data-start=\"681\" data-end=\"690\">데빌스 풀</strong>: 폭포 가장자리에 형성된 자연풀에서의 짜릿한 수영 체험 (안전 주의)</p></li></ul><p></p><p data-start=\"733\" data-end=\"843\">⏰ 소요 시간: 1~2일<br data-start=\"746\" data-end=\"749\">📍 위치: Zambia/Zimbabwe Border<br data-start=\"778\" data-end=\"781\">🚗 접근: 빅토리아 폭포 국제공항(Victoria Falls International Airport) 이용</p><br><br>','#폭포#자연#경치','ChIJ-fIL2vnvTxkRaNUY32NGBYs','빅토리아 폭포',456,'europe','잠비아 Livingstone Mosi-o-tunya Road',50),(214,'스페인','/TripFul_Project/save/사그라다 파밀리아.jpg,/TripFul_Project/save/사그라다 파밀리아2.jpg','<p><b>\"가우디의 걸작, 사그라다 파밀리아에서 만나는 예술과 신앙\"</b></p><p data-start=\"208\" data-end=\"487\">사그라다 파밀리아는 스페인 바르셀로나에 위치한 천재 건축가 안토니 가우디의 미완성 걸작 성당입니다. 1882년 착공되어 아직도 공사 중이며, 독특한 곡선과 자연을 모티브로 한 디자인이 돋보입니다. 고딕과 아르누보 양식이 혼합된 이 성당은 바르셀로나의 상징이자 세계적으로 유명한 관광 명소입니다. 내부는 빛과 색채가 아름답게 어우러져 신비로운 분위기를 자아내며, 높은 첨탑에 오르면 도시 전경을 한눈에 내려다볼 수 있습니다. 유네스코 세계문화유산으로 등재되어 있으며, 매년 수많은 관광객이 방문합니다.</p><hr data-start=\"489\" data-end=\"492\"><h2 data-start=\"494\" data-end=\"505\">🌟 추천 코스</h2><p data-start=\"507\" data-end=\"582\"><strong data-start=\"507\" data-end=\"582\">1. 사그라다 파밀리아 내부 관람 → 첨탑 전망대 오르기 → 가우디 건축물 탐방 (구엘 공원, 카사 바트요) → 고딕 지구 산책</strong></p><ul data-start=\"584\" data-end=\"722\"><li data-start=\"584\" data-end=\"622\"><p data-start=\"586\" data-end=\"622\"><strong data-start=\"586\" data-end=\"595\">성당 내부</strong>: 스테인드글라스와 기둥의 독특한 디자인 감상</p></li><li data-start=\"623\" data-end=\"653\"><p data-start=\"625\" data-end=\"653\"><strong data-start=\"625\" data-end=\"635\">첨탑 전망대</strong>: 바르셀로나 시내 전경 조망</p></li><li data-start=\"654\" data-end=\"685\"><p data-start=\"656\" data-end=\"685\"><strong data-start=\"656\" data-end=\"666\">가우디 투어</strong>: 근처 다른 가우디 작품 방문</p></li><li data-start=\"686\" data-end=\"722\"><p data-start=\"688\" data-end=\"722\"><strong data-start=\"688\" data-end=\"697\">고딕 지구</strong>: 중세 분위기의 바르셀로나 구시가지 산책</p></li></ul><p data-start=\"724\" data-end=\"810\">⏰ 소요 시간: 반나절~1일<br data-start=\"739\" data-end=\"742\">📍 위치: Barcelona, Spain<br data-start=\"765\" data-end=\"768\">🚇 접근: 지하철 L2, L5 ‘Sagrada Familia’ 역 이용</p><br><br>','#대성당#가우디','ChIJk_s92NyipBIRUMnDG8Kq2Js','사그라다 파밀리아',430,'europe','Carrer de Mallorca, 401, L\'Eixample, 08013 Barcelona, 스페인',68),(215,'알제리','/TripFul_Project/save/사하라 사막.jpg,/TripFul_Project/save/사하라 사막2.jpg','<p><b>\"아프리카 심장의 숨결, 사하라 사막 여행\"</b></p><p data-start=\"202\" data-end=\"478\">사하라 사막은 세계에서 가장 넓은 뜨거운 사막으로, 북아프리카 대부분을 차지하는 광활한 모래와 바위의 대지입니다. 약 9백만 평방킬로미터에 달하는 크기로, 여러 나라를 가로지르며 독특한 사막 생태계와 유목민 문화가 공존합니다. 극심한 일교차와 건조한 기후 속에서도 사막의 오아시스와 신비로운 암석 지형은 여행자들의 호기심을 자극합니다. 사하라는 고대 문명의 발상지이자 수많은 전설과 신화가 얽혀있는 신비로운 공간입니다. 사막의 광활함 속에서 태양과 모래, 별이 빚는 장관을 경험할 수 있습니다.</p><hr data-start=\"480\" data-end=\"483\"><h2 data-start=\"485\" data-end=\"496\">🌟 추천 코스</h2><p data-start=\"498\" data-end=\"549\"><strong data-start=\"498\" data-end=\"549\">1. 사하라 사막 사파리 투어 → 낙타 타기 체험 → 오아시스 방문 → 별 관측 캠프</strong></p><ul data-start=\"551\" data-end=\"693\"><li data-start=\"551\" data-end=\"586\"><p data-start=\"553\" data-end=\"586\"><strong data-start=\"553\" data-end=\"563\">사파리 투어</strong>: 4륜 구동 차량으로 사막 지형 탐험</p></li><li data-start=\"587\" data-end=\"621\"><p data-start=\"589\" data-end=\"621\"><strong data-start=\"589\" data-end=\"598\">낙타 체험</strong>: 전통적인 유목민 방식으로 사막 횡단</p></li><li data-start=\"622\" data-end=\"656\"><p data-start=\"624\" data-end=\"656\"><strong data-start=\"624\" data-end=\"635\">오아시스 방문</strong>: 사막 한가운데 숨겨진 생명의 샘</p></li><li data-start=\"657\" data-end=\"693\"><p data-start=\"659\" data-end=\"693\"><strong data-start=\"659\" data-end=\"667\">별 관측</strong>: 빛 공해 없는 사막 하늘에서 은하수 감상</p></li></ul><p></p><p data-start=\"695\" data-end=\"787\">⏰ 소요 시간: 1~3일 코스 다양<br data-start=\"714\" data-end=\"717\">📍 위치: 북아프리카 (모로코, 알제리, 튀니지, 리비아 등)<br data-start=\"752\" data-end=\"755\">🚗 접근: 각 국가 주요 도시에서 출발하는 투어 이용</p><br>','#사막#자연','ChIJUXEm-2Q7iBMRkHMtWNxrQNY','사하라 사막',241,'europe','북위 19° 47′ 동경 18° 33′ 일대 ',77),(216,'그리스','/TripFul_Project/save/산토리니.jpg,/TripFul_Project/save/산토리니2.jpg','<p><b>\"파란 지붕과 하얀 집들의 낭만, 산토리니 여행\"</b></p><p data-start=\"195\" data-end=\"458\">산토리니는 그리스 에게해에 위치한 아름다운 화산섬으로, 하얀 건물과 파란 지붕이 어우러진 독특한 경관으로 전 세계 관광객들의 사랑을 받고 있습니다. 화산 폭발로 인해 형성된 칼데라(분화구)와 푸른 바다, 그리고 환상적인 석양이 어우러져 낭만적인 분위기를 자아냅니다. 와인 산지로도 유명하며, 신선한 해산물과 현지 음식을 즐길 수 있는 레스토랑이 많아 미식 여행지로도 손색이 없습니다. 조용한 해변과 활기찬 마을을 오가며 휴식과 즐거움을 모두 만끽할 수 있는 여행지입니다.</p><hr data-start=\"460\" data-end=\"463\"><h2 data-start=\"465\" data-end=\"476\">🌟 추천 코스</h2><p data-start=\"478\" data-end=\"532\"><strong data-start=\"478\" data-end=\"532\">1. 이아 마을 석양 감상 → 피라마을 탐방 → 칼데라 크루즈 투어 → 현지 와이너리 방문</strong></p><ul data-start=\"534\" data-end=\"706\"><li data-start=\"534\" data-end=\"588\"><p data-start=\"536\" data-end=\"588\"><strong data-start=\"536\" data-end=\"545\">이아 마을</strong>: 산토리니 최고의 석양 포인트, 하얀 건축물과 파란 바다가 어우러진 절경</p></li><li data-start=\"589\" data-end=\"629\"><p data-start=\"591\" data-end=\"629\"><strong data-start=\"591\" data-end=\"600\">피라 마을</strong>: 산토리니의 중심지, 다양한 상점과 카페 즐기기</p></li><li data-start=\"630\" data-end=\"671\"><p data-start=\"632\" data-end=\"671\"><strong data-start=\"632\" data-end=\"643\">칼데라 크루즈</strong>: 화산섬 주변을 배로 둘러보며 자연 경관 감상</p></li><li data-start=\"672\" data-end=\"706\"><p data-start=\"674\" data-end=\"706\"><strong data-start=\"674\" data-end=\"685\">와이너리 방문</strong>: 산토리니 특산 와인 시음과 구매</p></li></ul><p></p><p data-start=\"708\" data-end=\"785\">⏰ 소요 시간: 1~2일 코스 추천<br data-start=\"727\" data-end=\"730\">📍 위치: Santorini, Greece<br data-start=\"754\" data-end=\"757\">🚤 접근: 산토리니 공항 또는 피라 항구 이용</p><br><br>','#경치#관광지#힐링','ChIJ95_9rYbOmRQR_IrWQPdhp7I','산토리니 섬',762,'europe','그리스 산토리니 섬',363),(217,'탄자니아','/TripFul_Project/save/세렝게티.jpg,/TripFul_Project/save/세렝게티2.jpg','<p><b>\"아프리카 초원의 위대한 여정, 세렝게티 사파리 체험\"</b></p><p data-start=\"198\" data-end=\"473\">세렝게티 국립공원은 탄자니아 북부에 위치한 세계에서 가장 유명한 야생 보호구역 중 하나입니다. 끝없이 펼쳐진 광활한 초원과 사바나 지대에서 사자, 코끼리, 치타, 누 등 수많은 야생동물이 자유롭게 살아갑니다. 매년 대규모의 이동을 하는 ‘누떼의 대이동’은 자연의 경이로움으로 손꼽히며, 전 세계 사파리 여행자들의 필수 방문지입니다. 세렝게티는 풍부한 생태계와 다양한 동물군 덕분에 유네스코 세계자연유산으로 지정되었으며, 야생의 리듬을 그대로 느낄 수 있는 아프리카 대초원의 진수를 제공합니다.</p><hr data-start=\"475\" data-end=\"478\"><h2 data-start=\"480\" data-end=\"491\">🌟 추천 코스</h2><p data-start=\"493\" data-end=\"547\"><strong data-start=\"493\" data-end=\"547\">1. 세렝게티 사파리 투어 → 누떼 이동 관찰 → 일출/일몰 사파리 → 마사이족 문화 체험</strong></p><ul data-start=\"549\" data-end=\"715\"><li data-start=\"549\" data-end=\"595\"><p data-start=\"551\" data-end=\"595\"><strong data-start=\"551\" data-end=\"561\">사파리 투어</strong>: 전문 가이드와 함께 4륜 구동 차량으로 야생 동물 관찰</p></li><li data-start=\"596\" data-end=\"634\"><p data-start=\"598\" data-end=\"634\"><strong data-start=\"598\" data-end=\"608\">누떼 대이동</strong>: 초원 위에서 펼쳐지는 자연의 대장관 감상</p></li><li data-start=\"635\" data-end=\"675\"><p data-start=\"637\" data-end=\"675\"><strong data-start=\"637\" data-end=\"650\">일출/일몰 사파리</strong>: 황금빛 햇살 아래 아프리카의 풍경 만끽</p></li><li data-start=\"676\" data-end=\"715\"><p data-start=\"678\" data-end=\"715\"><strong data-start=\"678\" data-end=\"689\">마사이족 방문</strong>: 전통 부족 문화를 체험하며 현지인과 교류</p></li></ul><p></p><p data-start=\"717\" data-end=\"804\">⏰ 소요 시간: 2~4일 코스 추천<br data-start=\"736\" data-end=\"739\">📍 위치: 탄자니아 북부, 세렝게티 국립공원<br data-start=\"764\" data-end=\"767\">✈️ 접근: 아루샤 또는 나이로비에서 출발하는 사파리 투어 이용</p><br><br>','#국립공원#초원#자연','ChIJUV3SGQ88LRgRdXHAEqAeILE','세렝게티 국립공원',131,'europe','탄자니아 세렝게티',33),(218,'브라질','/TripFul_Project/save/아마존.jpg,/TripFul_Project/save/아마존2.jpg','<p><b>\"지구의 허파, 아마존 우림의 신비를 걷다\"</b></p><p data-start=\"181\" data-end=\"510\">아마존 우림은 남아메리카 대륙을 가로지르는 세계 최대 규모의 열대우림으로, ‘지구의 허파’라고 불릴 만큼 지구 산소 생산의 중요한 역할을 담당합니다. 브라질, 페루, 콜롬비아 등 여러 나라에 걸쳐 펼쳐져 있으며, 무수히 많은 식물과 동물 종들의 보금자리입니다. 이곳은 아직도 탐험되지 않은 미지의 생태계가 많아 생물학자들의 연구와 자연애호가들의 관심을 받고 있습니다. 울창한 나무와 강, 그리고 다양하고 독특한 야생동물이 어우러진 이 거대한 정글은 자연 그대로의 생태계를 체험할 수 있는 특별한 공간입니다. 강과 폭포, 그리고 아마존 강을 따라 펼쳐진 수상 마을도 여행의 매력을 더합니다.</p><hr data-start=\"512\" data-end=\"515\"><h2 data-start=\"517\" data-end=\"528\">🌟 추천 코스</h2><p data-start=\"530\" data-end=\"711\"><strong data-start=\"530\" data-end=\"538\">1일차:</strong> 마나우스 도착 → 아마존 강 유람선 탑승 및 주변 숲 탐험<br data-start=\"571\" data-end=\"574\"><strong data-start=\"574\" data-end=\"582\">2일차:</strong> 정글 트레킹 및 야생동물 관찰 → 원주민 마을 방문 및 문화 체험<br data-start=\"619\" data-end=\"622\"><strong data-start=\"622\" data-end=\"630\">3일차:</strong> 아마존 강 카누 투어 → 열대 식물과 희귀 조류 관찰 → 밤 정글 생태 체험<br data-start=\"673\" data-end=\"676\"><strong data-start=\"676\" data-end=\"684\">4일차:</strong> 폭포와 작은 강 탐방 → 마나우스 귀환 및 휴식</p><ul data-start=\"713\" data-end=\"827\"><li data-start=\"713\" data-end=\"744\"><p data-start=\"715\" data-end=\"744\"><strong data-start=\"715\" data-end=\"725\">정글 트레킹</strong>: 가이드와 함께하는 생태 탐사</p></li><li data-start=\"745\" data-end=\"785\"><p data-start=\"747\" data-end=\"785\"><strong data-start=\"747\" data-end=\"756\">카누 투어</strong>: 강과 작은 수로를 따라 자연 속을 누비는 체험</p></li><li data-start=\"786\" data-end=\"827\"><p data-start=\"788\" data-end=\"827\"><strong data-start=\"788\" data-end=\"801\">원주민 문화 체험</strong>: 아마존 원주민들의 생활과 전통을 배우는 기회</p></li></ul><p data-start=\"829\" data-end=\"871\">⏰ 소요 시간: 3~4일 추천<br data-start=\"845\" data-end=\"848\">✈️ 접근: 브라질 마나우스 국제공항 이용</p><br><br>','#자연#열대우림','ChIJhUN0QlNg6JERx39KOcFtPD0','아마존 우림',574,'samerica','브라질 69450-000 아마소나스 Codajás, 아마존 우림',55),(219,'영국','/TripFul_Project/save/에든버러 성.jpg,/TripFul_Project/save/에든버러 성2.jpg','<p><b>\"에든버러 캐슬: 고대 요새에서 만나는 스코틀랜드의 이야기\"</b></p><p data-start=\"202\" data-end=\"472\">에든버러 캐슬은 스코틀랜드 수도 에든버러의 중심부에 위치한 역사적 요새로, 도시를 한눈에 내려다볼 수 있는 고지대에 자리잡고 있습니다. 약 1,000년의 역사를 가진 이 성은 스코틀랜드 왕실의 옛 거처이자 군사적 요충지로, 수많은 전투와 정치적 사건의 무대가 되었습니다. 현재는 스코틀랜드 왕관 보석과 유물들을 전시하는 박물관으로 운영되며, 매년 많은 관광객들이 방문해 그 웅장함과 아름다움을 감상합니다. 에든버러의 랜드마크로서 고풍스러운 건축물과 탁 트인 전망이 매력적인 곳입니다.</p><hr data-start=\"474\" data-end=\"477\"><h2 data-start=\"479\" data-end=\"490\">🌟 추천 코스</h2><p data-start=\"492\" data-end=\"552\"><strong data-start=\"492\" data-end=\"552\">1. 성 내부 투어 → 스코틀랜드 왕관 보석 감상 → 군사 박물관 방문 → 캐슬 주변 로열 마일 산책</strong></p><ul data-start=\"554\" data-end=\"677\"><li data-start=\"554\" data-end=\"587\"><p data-start=\"556\" data-end=\"587\"><strong data-start=\"556\" data-end=\"567\">성 내부 투어</strong>: 다양한 전시와 왕실 유물 감상</p></li><li data-start=\"588\" data-end=\"635\"><p data-start=\"590\" data-end=\"635\"><strong data-start=\"590\" data-end=\"605\">스코틀랜드 왕관 보석</strong>: 왕실의 상징적인 보석들을 가까이에서 볼 수 있음</p></li><li data-start=\"636\" data-end=\"677\"><p data-start=\"638\" data-end=\"677\"><strong data-start=\"638\" data-end=\"647\">로열 마일</strong>: 캐슬에서 시작하는 에든버러의 역사적인 거리 산책</p></li></ul><p></p><p data-start=\"679\" data-end=\"778\">⏰ 소요 시간: 2~3시간 추천<br data-start=\"696\" data-end=\"699\">📍 위치: Castlehill, Edinburgh EH1 2NG, Scotland<br data-start=\"745\" data-end=\"748\">🚶‍♂️ 접근: 에든버러 시내 중심에서 도보 가능</p><br><br>','#성#역사','ChIJ98CZIJrHh0gRWApM5esemkY','에든버러 캐슬',786,'europe','Castlehill, Edinburgh EH1 2NG 영국',88),(220,'미국','/TripFul_Project/save/옐로스톤 국립공원.jpg,/TripFul_Project/save/옐로스톤 국립공원2.jpg','<p><b>\"용암과 온천이 빚어낸 자연의 걸작, 옐로스톤\"</b></p><p data-start=\"198\" data-end=\"495\">옐로스톤 국립공원은 미국 와이오밍, 몬태나, 아이다호 3개 주에 걸쳐 있는 세계 최초의 국립공원으로, 광활한 자연경관과 독특한 지열현상으로 유명합니다. 수많은 온천과 간헐천, 진흙탕이 뿜어내는 신비로운 풍경을 볼 수 있으며, 그중 ‘올드 페이스풀’ 간헐천은 정기적으로 분출하는 장관을 자랑합니다. 또한 곰, 늑대, 버팔로 등 다양한 야생동물이 서식하는 야생의 보고로도 손꼽히며, 등산, 캠핑, 사진 촬영 등 자연을 만끽할 수 있는 다양한 액티비티가 가능합니다. 옐로스톤은 자연과 인간이 조화롭게 공존하는 진정한 생태계의 보고입니다.</p><hr data-start=\"497\" data-end=\"500\"><h2 data-start=\"502\" data-end=\"513\">🌟 추천 코스</h2><p data-start=\"515\" data-end=\"590\"><strong data-start=\"515\" data-end=\"590\">1. 올드 페이스풀 간헐천 감상 → 그랜드 캐니언 오브 옐로스톤 → 옐로스톤 호수 → 야생동물 관찰 → 맘모스 핫 스프링스 방문</strong></p><ul data-start=\"592\" data-end=\"785\"><li data-start=\"592\" data-end=\"623\"><p data-start=\"594\" data-end=\"623\"><strong data-start=\"594\" data-end=\"605\">올드 페이스풀</strong>: 주기적인 간헐천 분출 관람</p></li><li data-start=\"624\" data-end=\"662\"><p data-start=\"626\" data-end=\"662\"><strong data-start=\"626\" data-end=\"645\">그랜드 캐니언 오브 옐로스톤</strong>: 웅장한 협곡과 폭포 감상</p></li><li data-start=\"663\" data-end=\"702\"><p data-start=\"665\" data-end=\"702\"><strong data-start=\"665\" data-end=\"676\">옐로스톤 호수</strong>: 미국에서 가장 큰 고산호수 산책 및 휴식</p></li><li data-start=\"703\" data-end=\"742\"><p data-start=\"705\" data-end=\"742\"><strong data-start=\"705\" data-end=\"716\">야생동물 관찰</strong>: 버팔로, 엘크, 곰 등 다양한 동물 탐험</p></li><li data-start=\"743\" data-end=\"785\"><p data-start=\"745\" data-end=\"785\"><strong data-start=\"745\" data-end=\"759\">맘모스 핫 스프링스</strong>: 독특한 지열 지형과 아름다운 테라스 구경</p></li></ul><p></p><p data-start=\"787\" data-end=\"866\">⏰ 소요 시간: 2~3일 권장<br data-start=\"803\" data-end=\"806\">📍 위치: 미국 와이오밍 주 중심부<br data-start=\"826\" data-end=\"829\">✈️ 접근: 잭슨홀, 보즈먼, 옐로스톤 공항에서 차량 이용 가능</p><br><br>','#국립공원#자연#경치','ChIJxbVfgaQfTlMRa-n8WQ9rYlU','옐로스톤 국립공원',991,'namerica','미국 82190 와이오밍 옐로스톤 국립공원',536),(221,'오스트레일리아','/TripFul_Project/save/오페라 하우스.jpg,/TripFul_Project/save/오페라 하우스2.jpg','<p><b>\"남반구의 문화 심장, 시드니의 상징\"</b></p><p data-start=\"313\" data-end=\"660\">시드니 오페라 하우스는 오스트레일리아 시드니의 시드니 하버에 위치한 세계적인 공연 예술의 상징이자 건축 걸작입니다. 덴마크 건축가 요른 웃손(Jørn Utzon)이 설계한 이 독특한 건물은 조개껍질 또는 돛을 닮은 형태로, 하버 브릿지와 함께 시드니를 대표하는 랜드마크로 손꼽힙니다. 1973년 개관 이후 오페라, 발레, 연극, 콘서트 등 다양한 공연이 열리며, 2007년에는 유네스코 세계문화유산으로 등재되었습니다. 아름다운 해안선을 따라 위치해 있어 낮에는 푸른 하늘과 바다, 밤에는 화려한 조명과 함께 특별한 분위기를 자아내며, 건축과 예술을 동시에 즐길 수 있는 명소로 세계 각국의 관광객들을 끌어모으고 있습니다.</p><hr data-start=\"662\" data-end=\"665\"><h2 data-start=\"667\" data-end=\"678\">🌟 추천 코스</h2><p data-start=\"680\" data-end=\"751\"><strong data-start=\"680\" data-end=\"751\">1. 시드니 오페라 하우스 외관 감상 → 내부 가이드 투어 → 로열 보타닉 가든 산책 → 서큘러 키 산책 및 디너 크루즈</strong></p><ul data-start=\"753\" data-end=\"971\"><li data-start=\"753\" data-end=\"810\"><p data-start=\"755\" data-end=\"810\"><strong data-start=\"755\" data-end=\"777\">오페라 하우스 외관 및 내부 투어</strong>: 가이드 투어를 통해 공연장 내부와 건축 뒷이야기 감상</p></li><li data-start=\"811\" data-end=\"862\"><p data-start=\"813\" data-end=\"862\"><strong data-start=\"813\" data-end=\"826\">로열 보타닉 가든</strong>: 오페라 하우스 뒤편의 넓은 공원에서 하버 브리지 전경 감상</p></li><li data-start=\"863\" data-end=\"914\"><p data-start=\"865\" data-end=\"914\"><strong data-start=\"865\" data-end=\"889\">서큘러 키(Circular Quay)</strong>: 주변 거리공연, 카페, 레스토랑 즐기기</p></li><li data-start=\"915\" data-end=\"971\"><p data-start=\"917\" data-end=\"971\"><strong data-start=\"917\" data-end=\"936\">디너 크루즈 or 선셋 감상</strong>: 하버를 돌며 오페라 하우스와 하버 브리지를 바다에서 감상</p></li></ul><p></p><p data-start=\"973\" data-end=\"1065\">⏰ 소요 시간: 3~5시간 코스 추천<br data-start=\"993\" data-end=\"996\">📍 위치: Bennelong Point, Sydney NSW<br data-start=\"1030\" data-end=\"1033\">🚇 접근: Circular Quay 역에서 도보 5분</p><br><br>','#시드니#오페라#랜드마크','ChIJ3S-JXmauEmsRUcIaWtf4MzE','시드니 오페라 하우스',4359,'asia','Bennelong Point, Sydney NSW 2000 오스트레일리아',740),(222,'볼리비아','/TripFul_Project/save/우유니 소금 사막.jpg,/TripFul_Project/save/우유니 소금 사막2.jpg','<p><b>\"끝없이 펼쳐진 하얀 대지, 우유니 소금사막의 매혹\"</b></p><p data-start=\"203\" data-end=\"511\">우유니 소금 사막은 남미 볼리비아 서부에 위치한 세계 최대의 소금 평원으로, 약 1만 2000㎢에 달하는 광활한 면적을 자랑합니다. 비가 온 뒤에는 평평한 소금 지표면이 물에 잠겨 하늘을 그대로 비추는 거울 효과를 만들어내며, 이로 인해 마치 하늘과 땅이 하나로 이어진 듯한 환상적인 풍경을 감상할 수 있습니다. 낮에는 끝없이 펼쳐진 하얀 소금 평원과 그 위를 걷는 듯한 기분을, 밤에는 별빛이 쏟아지는 청명한 하늘을 만끽할 수 있는 자연의 신비로운 장소입니다. 자연의 예술 작품과 같은 풍경은 전 세계 여행자들의 버킷리스트에 꼭 포함되는 명소입니다.</p><hr data-start=\"513\" data-end=\"516\"><h2 data-start=\"518\" data-end=\"529\">🌟 추천 코스</h2><p data-start=\"531\" data-end=\"593\"><strong data-start=\"531\" data-end=\"593\">1. 우유니 마을 출발 → 소금사막 투어(거울 효과 감상) → 인칸타다 기지 방문 → 선셋 &amp; 별빛 관찰</strong></p><ul data-start=\"595\" data-end=\"768\"><li data-start=\"595\" data-end=\"624\"><p data-start=\"597\" data-end=\"624\"><strong data-start=\"597\" data-end=\"607\">우유니 마을</strong>: 투어 시작점, 여행 준비</p></li><li data-start=\"625\" data-end=\"667\"><p data-start=\"627\" data-end=\"667\"><strong data-start=\"627\" data-end=\"638\">소금사막 투어</strong>: 비가 온 후 펼쳐지는 환상적인 거울 풍경 감상</p></li><li data-start=\"668\" data-end=\"725\"><p data-start=\"670\" data-end=\"725\"><strong data-start=\"670\" data-end=\"699\">인칸타다 기지(Incahuasi Island)</strong>: 소금사막 한가운데 위치한 선인장 섬 탐방</p></li><li data-start=\"726\" data-end=\"768\"><p data-start=\"728\" data-end=\"768\"><strong data-start=\"728\" data-end=\"742\">선셋 &amp; 별빛 관찰</strong>: 맑은 하늘과 아름다운 노을, 은하수 관측</p></li></ul><p></p><p data-start=\"770\" data-end=\"839\">⏰ 소요 시간: 1~2일 투어 권장<br data-start=\"789\" data-end=\"792\">📍 위치: 볼리비아 남서부<br data-start=\"807\" data-end=\"810\">✈️ 접근: 라파스에서 차량 또는 항공 이동 가능</p><br><br>','#자연#사막#힐링','ChIJO_NM17-HVZER1YZukF6cBvw','우유니 소금 사막',3243,'samerica','볼리비아 남서부, 해발 약 3600m',868),(223,'오스트레일리아','/TripFul_Project/save/울루루.jpg,/TripFul_Project/save/울루루2.jpg','<p><b>\"붉은 사막의 영혼, 울루루에서 만나는 자연의 신비\"</b></p><p data-start=\"184\" data-end=\"464\">울루루(Uluru)는 호주 노던 테리토리에 위치한 거대한 붉은 사암 바위로, 원주민인 아난구(Anangu) 부족에게는 신성한 영적 장소입니다. 높이 약 348m, 둘레 약 9.4km에 이르는 이 거대한 자연 기념물은 호주의 상징 중 하나로 세계문화유산에 등록되어 있습니다. 일출과 일몰 시에 빛에 따라 붉은색에서 오렌지, 보라색으로 변하는 장관은 방문객들에게 깊은 인상을 남깁니다. 울루루 주변에는 다양한 트레킹 코스와 원주민 문화 체험이 가능해 자연과 문화가 어우러진 특별한 여행지를 제공합니다.</p><hr data-start=\"466\" data-end=\"469\"><h2 data-start=\"471\" data-end=\"482\">🌟 추천 코스</h2><p data-start=\"484\" data-end=\"563\"><strong data-start=\"484\" data-end=\"563\">1. 울루루 베이스 워크(기초 둘레 트레킹) → 문화센터 방문 및 원주민 예술 체험 → 카타추타(올가스) 방문 → 일출 또는 일몰 감상</strong></p><ul data-start=\"565\" data-end=\"724\"><li data-start=\"565\" data-end=\"607\"><p data-start=\"567\" data-end=\"607\"><strong data-start=\"567\" data-end=\"581\">울루루 베이스 워크</strong>: 울루루를 둘러싼 다양한 경관과 전설 탐방</p></li><li data-start=\"608\" data-end=\"640\"><p data-start=\"610\" data-end=\"640\"><strong data-start=\"610\" data-end=\"618\">문화센터</strong>: 원주민 전통과 예술, 역사 배우기</p></li><li data-start=\"641\" data-end=\"687\"><p data-start=\"643\" data-end=\"687\"><strong data-start=\"643\" data-end=\"656\">카타추타(올가스)</strong>: 인근의 독특한 바위군으로 울루루와 대비되는 자연미</p></li><li data-start=\"688\" data-end=\"724\"><p data-start=\"690\" data-end=\"724\"><strong data-start=\"690\" data-end=\"699\">일출/일몰</strong>: 붉게 물드는 울루루의 장엄한 모습 감상</p></li></ul><p></p><p data-start=\"726\" data-end=\"818\">⏰ 소요 시간: 2~3일 코스 추천<br data-start=\"745\" data-end=\"748\">📍 위치: Northern Territory, Australia<br data-start=\"784\" data-end=\"787\">🚗 접근: 앨리스 스프링스에서 차량 또는 투어 이용</p><br><br>','#자연#경치','ChIJI1JibStsIysRIV_Fm03NqEM','울루루',371,'asia','오스트레일리아 0872 노던 준주 피터만 울루루',23),(224,'아르헨티나','/TripFul_Project/save/이과수 폭포.jpg,/TripFul_Project/save/이과수 폭포2.jpg','<p><b>\"세계 3대 폭포 중 하나, 이구아수의 위대한 힘\"</b></p><p data-start=\"193\" data-end=\"508\">이구아수 폭포는 브라질과 아르헨티나 국경에 걸쳐 위치한 세계 최대급의 폭포 중 하나로, 약 275개의 개별 폭포가 약 2.7km에 걸쳐 장대한 물줄기를 쏟아내는 거대한 자연의 걸작입니다. ‘이구아수’는 현지 과라니어로 ‘큰 물’이라는 뜻으로, 우거진 열대우림 속에서 폭포가 만들어내는 물안개와 천둥 같은 소리가 방문객들의 감탄을 자아냅니다. 세계자연유산으로 지정된 이곳은 다양한 야생동물과 식물의 서식지이기도 하며, 생태 관광과 모험 액티비티를 즐길 수 있는 인기 명소입니다. 폭포를 가까이에서 체험할 수 있는 보트 투어와 전망대 산책로는 최고의 하이라이트입니다.</p><hr data-start=\"510\" data-end=\"513\"><h2 data-start=\"515\" data-end=\"526\">🌟 추천 코스</h2><p data-start=\"528\" data-end=\"700\"><strong data-start=\"528\" data-end=\"536\">1일차:</strong> 브라질 푸에르토 이구아수 도착 → 이구아수 국립공원(브라질 측) 방문 및 전망대 산책<br data-start=\"584\" data-end=\"587\"><strong data-start=\"587\" data-end=\"595\">2일차:</strong> 아르헨티나 측 국립공원 방문 → 보트 투어 체험 → 지옥의 목구멍(폭포 중 가장 웅장한 부분) 탐방<br data-start=\"651\" data-end=\"654\"><strong data-start=\"654\" data-end=\"662\">3일차:</strong> 주변 열대우림 트레킹 → 야생동물 관찰 및 문화 체험 → 출국 준비</p><ul data-start=\"702\" data-end=\"836\"><li data-start=\"702\" data-end=\"749\"><p data-start=\"704\" data-end=\"749\"><strong data-start=\"704\" data-end=\"713\">보트 투어</strong>: 폭포 바로 아래까지 가서 물줄기를 체험하는 짜릿한 액티비티</p></li><li data-start=\"750\" data-end=\"787\"><p data-start=\"752\" data-end=\"787\"><strong data-start=\"752\" data-end=\"764\">국립공원 트레킹</strong>: 다양한 산책로로 폭포와 자연을 감상</p></li><li data-start=\"788\" data-end=\"836\"><p data-start=\"790\" data-end=\"836\"><strong data-start=\"790\" data-end=\"822\">지옥의 목구멍(Garganta del Diablo)</strong>: 가장 장대한 폭포 구간</p></li></ul><p></p><p data-start=\"838\" data-end=\"900\">⏰ 소요 시간: 최소 2~3일<br data-start=\"854\" data-end=\"857\">✈️ 접근: 브라질 포즈 두 이구아수, 아르헨티나 푸에르토 이구아수 공항 이용</p><br><br>','#폭포#자연#경치','ChIJbRuqowzq9pQRfphenBd1e5E','이구아수 폭포',696,'samerica','아르헨티나 미시오네스 주',338),(225,'칠레','/TripFul_Project/save/이스터 섬.jpg,/TripFul_Project/save/이스텀 섬2.jpg','<p><b>\"거대한 모아이 석상과 신비로운 이스터섬\"</b></p><p data-start=\"180\" data-end=\"467\">이스터섬은 태평양 남동부에 위치한 칠레령의 작은 섬으로, 세계에서 가장 신비로운 고고학적 유적지 중 하나입니다. 섬 전체에 흩어져 있는 거대한 모아이 석상들은 선사 시대 이 섬을 지배했던 라파 누이(Rapa Nui) 문명의 놀라운 예술과 기술을 보여줍니다. 모아이들은 섬 주민들의 조상 신을 상징하며, 그 규모와 미스터리한 제작 및 운반 방식으로 전 세계인의 호기심을 자극합니다. 이스터섬은 독특한 자연환경과 함께 고대 문명의 흔적을 체험할 수 있는 특별한 장소로, 역사와 자연, 미스터리가 어우러진 여행지입니다.</p><hr data-start=\"469\" data-end=\"472\"><h2 data-start=\"474\" data-end=\"485\">🌟 추천 코스</h2><p data-start=\"487\" data-end=\"649\"><strong data-start=\"487\" data-end=\"495\">1일차:</strong> 아나케나 해변에서 휴식 및 모아이 석상 관람<br data-start=\"520\" data-end=\"523\"><strong data-start=\"523\" data-end=\"531\">2일차:</strong> 라노 라라쿠 화산 분화구와 모아이 조각터 방문 → 오롱고 문화 마을 탐방<br data-start=\"572\" data-end=\"575\"><strong data-start=\"575\" data-end=\"583\">3일차:</strong> 섬 일주 투어 → 파하로아 동굴과 타하이 유적지 방문<br data-start=\"613\" data-end=\"616\"><strong data-start=\"616\" data-end=\"624\">4일차:</strong> 마을 시장 및 현지 문화 체험 → 일몰 감상</p><ul data-start=\"651\" data-end=\"758\"><li data-start=\"651\" data-end=\"688\"><p data-start=\"653\" data-end=\"688\"><strong data-start=\"653\" data-end=\"666\">모아이 석상 탐방</strong>: 세계적으로 유명한 거대 석상 관람</p></li><li data-start=\"689\" data-end=\"728\"><p data-start=\"691\" data-end=\"728\"><strong data-start=\"691\" data-end=\"708\">자전거 또는 ATV 투어</strong>: 섬 일주하며 자연과 유적 감상</p></li><li data-start=\"729\" data-end=\"758\"><p data-start=\"731\" data-end=\"758\"><strong data-start=\"731\" data-end=\"740\">문화 체험</strong>: 라파 누이 전통과 역사 배우기</p></li></ul><p></p><p data-start=\"760\" data-end=\"818\">⏰ 소요 시간: 3~4일 추천<br data-start=\"776\" data-end=\"779\">✈️ 접근: 칠레 산티아고에서 항공편 이용, 섬 내 소규모 교통편 활용</p><br><br>','#유네스코#미스테리#모아이','ChIJK67UqBfwR5kRti0qwO2z5bs','이스터섬',333,'samerica','칠레 발파라이소 이스터 섬 이스터섬',100),(226,'미국','/TripFul_Project/save/자유의 여신상.jpg,/TripFul_Project/save/자유의 여신상2.jpg','<p><b>\"자유와 희망의 등불, 자유의 여신상 탐방\"</b></p><p data-start=\"188\" data-end=\"457\">자유의 여신상은 미국 뉴욕항에 위치한 세계적인 상징물로, 프랑스가 미국 독립 100주년을 기념해 1886년에 선물한 거대한 청동 조각상입니다. 높이 약 93m에 이르며, 자유와 민주주의, 인권의 상징으로 전 세계인의 사랑을 받고 있습니다. 자유의 여신상은 미국으로 들어오는 이민자들을 환영하는 역할을 했으며, 미국의 이상과 꿈을 대표하는 아이콘으로 자리 잡았습니다. 리버티 아일랜드에서 감상할 수 있으며, 내부 계단을 통해 관람객이 왕관까지 오를 수 있어 특별한 경험을 선사합니다.</p><hr data-start=\"459\" data-end=\"462\"><h2 data-start=\"464\" data-end=\"475\">🌟 추천 코스</h2><p data-start=\"477\" data-end=\"544\"><strong data-start=\"477\" data-end=\"544\">1. 자유의 여신상 페리 탑승 → 리버티 아일랜드 투어 → 엘리스 아일랜드 이민박물관 방문 → 맨해튼 전망대 방문</strong></p><ul data-start=\"546\" data-end=\"722\"><li data-start=\"546\" data-end=\"591\"><p data-start=\"548\" data-end=\"591\"><strong data-start=\"548\" data-end=\"557\">페리 탑승</strong>: 배를 타고 자유의 여신상과 뉴욕 항구의 멋진 경치 감상</p></li><li data-start=\"592\" data-end=\"631\"><p data-start=\"594\" data-end=\"631\"><strong data-start=\"594\" data-end=\"606\">리버티 아일랜드</strong>: 자유의 여신상 주변 산책과 기념관 관람</p></li><li data-start=\"632\" data-end=\"680\"><p data-start=\"634\" data-end=\"680\"><strong data-start=\"634\" data-end=\"646\">엘리스 아일랜드</strong>: 미국으로 온 초기 이민자들의 역사를 배우는 박물관 방문</p></li><li data-start=\"681\" data-end=\"722\"><p data-start=\"683\" data-end=\"722\"><strong data-start=\"683\" data-end=\"694\">맨해튼 전망대</strong>: 자유의 여신상을 포함한 뉴욕 시내 전경 감상</p></li></ul><p></p><p data-start=\"724\" data-end=\"798\">⏰ 소요 시간: 반나절~1일 추천<br data-start=\"742\" data-end=\"745\">📍 위치: 뉴욕항 리버티 아일랜드 및 인근<br data-start=\"769\" data-end=\"772\">✈️ 접근: 뉴욕시 내 페리 승강장에서 출발</p><br><br>','#뉴욕#랜드마크','ChIJPTacEpBQwokRKwIlDXelxkA','자유의 여신상',4377,'namerica','미국 10004 뉴욕',888),(227,'태국','/TripFul_Project/save/체투폰.jpg,/TripFul_Project/save/체투폰2.jpg','<p><b>\"태국 왕실의 심장, 방콕 왕궁과 에메랄드 사원의 신비\"</b></p><p data-start=\"425\" data-end=\"667\">태국 방콕의 프라 보롬 마하 라차왕 구역은 태국 왕실과 역사의 중심지입니다. 이곳에는 18세기 라타나코신 왕조 시절 세워진 웅장한 왕궁과, 태국 불교의 상징인 에메랄드 사원(왓 프라깨우)이 위치해 있습니다. 화려한 건축물과 섬세한 조각, 금빛 장식으로 가득한 왕궁은 태국 왕실의 권위와 예술적 감각을 보여줍니다. 인근 차오프라야 강에서는 전통 수상 시장과 아름다운 야경도 즐길 수 있어, 역사와 현대가 어우러진 매력을 선사합니다.</p><hr data-start=\"669\" data-end=\"672\"><h2 data-start=\"674\" data-end=\"685\">🌟 추천 코스</h2><p data-start=\"687\" data-end=\"784\"><strong data-start=\"687\" data-end=\"784\">1. 왕궁(Grand Palace) 투어 → 왓 프라깨우(에메랄드 사원) 방문 → 왓 포(누워있는 부처상) → 차오프라야 강 수상 교통 체험 → 차이나타운 야시장 탐방</strong></p><ul data-start=\"786\" data-end=\"944\"><li data-start=\"786\" data-end=\"824\"><p data-start=\"788\" data-end=\"824\"><strong data-start=\"788\" data-end=\"803\">왕궁과 에메랄드 사원</strong>: 태국의 역사와 예술 정수를 감상</p></li><li data-start=\"825\" data-end=\"872\"><p data-start=\"827\" data-end=\"872\"><strong data-start=\"827\" data-end=\"840\">왓 포(와트 포)</strong>: 태국 최대 누워있는 부처상과 전통 마사지 체험 가능</p></li><li data-start=\"873\" data-end=\"911\"><p data-start=\"875\" data-end=\"911\"><strong data-start=\"875\" data-end=\"889\">차오프라야 강 보트</strong>: 도시를 가로지르는 수상 교통 체험</p></li><li data-start=\"912\" data-end=\"944\"><p data-start=\"914\" data-end=\"944\"><strong data-start=\"914\" data-end=\"927\">차이나타운 야시장</strong>: 현지 음식과 쇼핑 즐기기</p></li></ul><p></p><p data-start=\"946\" data-end=\"1023\">⏰ 소요 시간: 하루 코스 추천<br data-start=\"963\" data-end=\"966\">📍 위치: Pratu Nokyung 일대, 방콕<br data-start=\"993\" data-end=\"996\">🚗 접근: BTS, 버스, 택시로 접근 가능</p><br><br>','#역사#관광지#랜드마크','ChIJv42ifQiX4jARr7EJPE8yDEo','체투폰',378,'asia','370, 372 Soi Pratu Nokyung, Khwaeng Phra Borom Maha Ratchawang, Khet Phra Nakhon, Krung Thep Maha Nakhon 10200 태국',221),(228,'대만','/TripFul_Project/save/타이베이1012.jpg,/TripFul_Project/save/타이베이101.jpg','<p><b>\"대만의 랜드마크, 하늘을 찌르는 타이베이 101\"</b></p><p data-start=\"276\" data-end=\"585\">타이베이 101은 대만 타이베이 시에 위치한 초고층 마천루로, 2004년 완공 당시 세계에서 가장 높은 빌딩으로 기록된 바 있습니다. 총 101층으로 이루어져 있으며, 독특한 대나무 줄기 모양의 디자인은 대만의 전통과 현대가 어우러진 상징적인 건축물입니다. 건물 내부에는 쇼핑몰, 사무실, 고급 레스토랑 등이 들어서 있으며, 89층 전망대에서는 도시 전경과 타이완 주변의 산악 지대를 한눈에 감상할 수 있습니다. 빠른 엘리베이터와 친환경 설계, 그리고 지진과 태풍에 견디는 강력한 구조로도 유명합니다. 대만 방문객들에게 필수 코스로 사랑받는 명소입니다.</p><hr data-start=\"587\" data-end=\"590\"><h2 data-start=\"592\" data-end=\"603\">🌟 추천 코스</h2><p data-start=\"605\" data-end=\"668\"><strong data-start=\"605\" data-end=\"668\">1. 타이베이 101 쇼핑몰 탐방 → 89층 전망대 입장 → 인근 시먼딩 거리 산책 → 르웨탄 야시장 방문</strong></p><ul data-start=\"670\" data-end=\"846\"><li data-start=\"670\" data-end=\"710\"><p data-start=\"672\" data-end=\"710\"><strong data-start=\"672\" data-end=\"688\">타이베이 101 쇼핑몰</strong>: 명품 브랜드와 다양한 음식점 탐방</p></li><li data-start=\"711\" data-end=\"752\"><p data-start=\"713\" data-end=\"752\"><strong data-start=\"713\" data-end=\"724\">89층 전망대</strong>: 빠른 엘리베이터로 올라가 타이베이 전경 감상</p></li><li data-start=\"753\" data-end=\"802\"><p data-start=\"755\" data-end=\"802\"><strong data-start=\"755\" data-end=\"773\">시먼딩(Ximending)</strong>: 젊은이들의 거리, 쇼핑과 스트리트 푸드 즐기기</p></li><li data-start=\"803\" data-end=\"846\"><p data-start=\"805\" data-end=\"846\"><strong data-start=\"805\" data-end=\"825\">르웨탄 야시장(饒河街觀光夜市)</strong>: 현지 먹거리와 대만 특산품 체험</p></li></ul><p></p><p data-start=\"848\" data-end=\"976\">⏰ 소요 시간: 반나절~하루 코스 추천<br data-start=\"869\" data-end=\"872\">📍 위치: No. 7, Section 5, Xinyi Road, Xinyi District, Taipei City<br data-start=\"936\" data-end=\"939\">🚇 접근: 타이베이 101/세계무역센터 MRT역에서 도보 5분</p><br><br>','#랜드마크#야경','ChIJSTLZ6barQjQRMdkCqrP3CNU','타이베이101',3362,'asia','110 대만 Taipei City, Xinyi District, Section 5, Xinyi Rd, 7號89樓',1035),(229,'인도','/TripFul_Project/save/타지마할.jpg,/TripFul_Project/save/타지마할2.jpg','<p><b>\"타지마할, 영원의 사랑이 깃든 성역\"</b></p><p data-start=\"255\" data-end=\"551\">타지마할은 인도 아그라에 위치한 세계적으로 유명한 무굴 시대의 건축물로, 샤자한 황제가 사랑하는 아내 뭄타즈 마할을 기리기 위해 17세기 중반에 세운 무덤입니다. 아름다운 백색 대리석으로 지어진 이 궁전은 완벽한 대칭과 정교한 조각으로 ‘사랑의 기념비’라는 별명을 갖고 있습니다. 넓은 정원과 분수, 그리고 사원들과 어우러진 타지마할은 매년 수많은 관광객과 사진가들이 찾는 인도의 대표 명소입니다. 유네스코 세계문화유산에 등재되어 있으며, 특히 일출과 일몰 시간대에 빛나는 대리석의 색감 변화는 방문객들에게 깊은 인상을 남깁니다.</p><hr data-start=\"553\" data-end=\"556\"><h2 data-start=\"558\" data-end=\"569\">🌟 추천 코스</h2><p data-start=\"571\" data-end=\"631\"><strong data-start=\"571\" data-end=\"631\">1. 타지마할 입장 및 정원 산책 → 대리석 무덤 내부 관람 → 야무나 강변 산책 → 아그라 성 방문</strong></p><ul data-start=\"633\" data-end=\"821\"><li data-start=\"633\" data-end=\"672\"><p data-start=\"635\" data-end=\"672\"><strong data-start=\"635\" data-end=\"646\">타지마할 정문</strong>: 입구에서부터 시작하는 웅장한 대칭미 감상</p></li><li data-start=\"673\" data-end=\"720\"><p data-start=\"675\" data-end=\"720\"><strong data-start=\"675\" data-end=\"689\">타지마할 무덤 내부</strong>: 아내를 기리는 섬세한 장식과 아름다운 아치들 감상</p></li><li data-start=\"721\" data-end=\"763\"><p data-start=\"723\" data-end=\"763\"><strong data-start=\"723\" data-end=\"733\">야무나 강변</strong>: 강 건너편에서 바라보는 타지마할 전경 촬영 명소</p></li><li data-start=\"764\" data-end=\"821\"><p data-start=\"766\" data-end=\"821\"><strong data-start=\"766\" data-end=\"786\">아그라 성(Agra Fort)</strong>: 인근의 또 다른 무굴 건축 유적 방문으로 역사 이해 증진</p></li></ul><p></p><p data-start=\"823\" data-end=\"920\">⏰ 소요 시간: 반나절~하루 코스 추천<br data-start=\"844\" data-end=\"847\">📍 위치: Agra, Uttar Pradesh, India<br data-start=\"880\" data-end=\"883\">🚗 접근: 델리에서 아그라까지 기차 또는 차량으로 약 3시간 소요</p><br><br>','#유네스코#역사#궁','ChIJbf8C1yFxdDkR3n12P4DkKt0','타지 마할',3363,'asia','인도 282001 우타 프라데쉬 아그라 타즈간즈 포레스트 콜로니 다르마퓨리',889),(230,'아르헨티나','/TripFul_Project/save/파타고니아.jpg,/TripFul_Project/save/파타고니아2.jpg','<p><b>\"빙하와 산이 빚어낸 신비, 파타고니아\"</b></p><p data-start=\"182\" data-end=\"483\">파타고니아는 아르헨티나와 칠레 남단에 걸쳐 펼쳐진 광활한 자연 지역으로, 웅장한 산맥, 거대한 빙하, 맑은 호수, 광활한 평원 등 다양한 지형이 어우러진 남미 최고의 자연 탐험지입니다. 특히 토레스 델 파이네 국립공원과 페리토 모레노 빙하가 대표적인 명소로, 세계 각지에서 온 트레킹과 자연 애호가들이 방문하는 곳입니다. 변화무쌍한 날씨와 드라마틱한 풍경은 탐험가들의 도전 욕구를 자극하며, 청정 자연 속에서 야생 동물과 식물들을 만날 수 있는 특별한 경험을 선사합니다. 파타고니아는 자연과 모험을 사랑하는 여행자에게 최적의 목적지입니다.</p><hr data-start=\"485\" data-end=\"488\"><h2 data-start=\"490\" data-end=\"501\">🌟 추천 코스</h2><p data-start=\"503\" data-end=\"645\"><strong data-start=\"503\" data-end=\"511\">1일차:</strong> 엘 칼라파테 도착 → 페리토 모레노 빙하 투어<br data-start=\"537\" data-end=\"540\"><strong data-start=\"540\" data-end=\"550\">2~3일차:</strong> 칠레 푸에르토 나탈레스 이동 → 토레스 델 파이네 국립공원 트레킹 (W코스 또는 그레이 피크 등반)<br data-start=\"606\" data-end=\"609\"><strong data-start=\"609\" data-end=\"617\">4일차:</strong> 토레스 델 파이네 추가 탐방 → 엘 칼라파테 귀환</p><ul data-start=\"647\" data-end=\"788\"><li data-start=\"647\" data-end=\"694\"><p data-start=\"649\" data-end=\"694\"><strong data-start=\"649\" data-end=\"663\">페리토 모레노 빙하</strong>: 세계적으로 유명한 활동 빙하, 가까이서 관찰 가능</p></li><li data-start=\"695\" data-end=\"745\"><p data-start=\"697\" data-end=\"745\"><strong data-start=\"697\" data-end=\"715\">토레스 델 파이네 국립공원</strong>: 장엄한 산봉우리와 맑은 호수, 다채로운 야생동물</p></li><li data-start=\"746\" data-end=\"788\"><p data-start=\"748\" data-end=\"788\"><strong data-start=\"748\" data-end=\"771\">엘 칼라파테(El Calafate)</strong>: 파타고니아 관광의 거점 도시</p></li></ul><p></p><p data-start=\"790\" data-end=\"838\">⏰ 소요 시간: 최소 3~4일<br data-start=\"806\" data-end=\"809\">✈️ 접근: 아르헨티나 엘 칼라파테 국제공항 이용</p><br><br>','#사막#자연#힐링','ChIJNbtB_MQiTLwRc9zGI3z-Enk','파타고니아',1113,'samerica','Bahía Buen Suceso 563, V9410 Ushuaia, Tierra del Fuego, 아르헨티나',437),(231,'요르단','/TripFul_Project/save/페트라.jpg,/TripFul_Project/save/페트라2.jpg','<p><b>\"잃어버린 나바테아 왕국의 비밀을 걷다\"</b></p><p data-start=\"278\" data-end=\"525\">페트라는 요르단 남부 사막 한가운데 위치한 고대 도시로, 기원전 4세기 나바테아 왕국의 수도였습니다. 붉은 사암 절벽을 깎아 만든 독특한 건축물들이 인상적이며, ‘장미빛 도시’라 불릴 만큼 아름다운 색감을 자랑합니다. 협곡 ‘시크’를 지나면 등장하는 알카즈네(보물창고)와 고대 극장, 왕족의 무덤 등 역사적 유적들이 가득해 방문객들에게 잊지 못할 감동을 선사합니다. 세계 7대 불가사의 중 하나로, 유네스코 세계문화유산으로 지정되어 있습니다.</p><hr data-start=\"527\" data-end=\"530\"><h2 data-start=\"532\" data-end=\"543\">🌟 추천 코스</h2><p data-start=\"545\" data-end=\"620\"><strong data-start=\"545\" data-end=\"620\">1. 시크 협곡 도보 탐험 → 알카즈네(보물창고) 관람 → 고대 극장 방문 → 왕족의 무덤 → 수도원(Ad Deir)까지 하이킹</strong></p><ul data-start=\"622\" data-end=\"819\"><li data-start=\"622\" data-end=\"659\"><p data-start=\"624\" data-end=\"659\"><strong data-start=\"624\" data-end=\"635\">시크(Siq)</strong>: 페트라 입구의 협곡, 신비로운 분위기</p></li><li data-start=\"660\" data-end=\"693\"><p data-start=\"662\" data-end=\"693\"><strong data-start=\"662\" data-end=\"670\">알카즈네</strong>: 페트라의 상징적 건축물, 사진 명소</p></li><li data-start=\"694\" data-end=\"731\"><p data-start=\"696\" data-end=\"731\"><strong data-start=\"696\" data-end=\"709\">고대 극장과 무덤</strong>: 나바테아 왕국의 역사와 문화 체험</p></li><li data-start=\"732\" data-end=\"780\"><p data-start=\"734\" data-end=\"780\"><strong data-start=\"734\" data-end=\"750\">수도원(Ad Deir)</strong>: 페트라 고지대에 위치, 등반 후 보는 경관 최고</p></li><li data-start=\"781\" data-end=\"819\"><p data-start=\"783\" data-end=\"819\"><strong data-start=\"783\" data-end=\"796\">야간 페트라 투어</strong>: 촛불 아래 신비로운 야경 체험 가능</p></li></ul><p></p><p data-start=\"821\" data-end=\"925\">⏰ 소요 시간: 하루에서 이틀 코스 추천<br data-start=\"843\" data-end=\"846\">📍 위치: Ma\'an Governorate, Jordan<br data-start=\"878\" data-end=\"881\">🚗 접근: 와디무사(Wadi Musa) 마을에서 도보 또는 차량 이동 가능</p><br><br>','#역사#관광지','ChIJcWA7cPFuARURkSKaZwj5mxk','페트라',540,'asia','기 요르단 암만 남쪽 190km',89),(232,'베트남','/TripFul_Project/save/하롱베이.jpg,/TripFul_Project/save/하롱베이2.jpg','<p><b>\"바다 위의 신비, 하롱베이의 석회암 기둥 숲\"</b></p><p data-start=\"273\" data-end=\"520\">하롱베이는 베트남 북부에 위치한 세계자연유산으로, 약 1,600여 개의 크고 작은 석회암 섬들이 바다 위에 점점이 흩어져 있는 독특한 경관을 자랑합니다. \'내려오는 용의 만\'이라는 뜻을 가진 이름처럼 전설과 신비가 어우러진 곳이며, 푸른 바다와 기암괴석, 석회동굴, 그리고 맑은 물빛이 어우러져 환상적인 풍경을 만들어냅니다. 크루즈 투어, 카약, 동굴 탐험 등 다양한 액티비티가 가능하며, 자연의 신비로움을 만끽할 수 있는 인기 관광지입니다.</p><hr data-start=\"522\" data-end=\"525\"><h2 data-start=\"527\" data-end=\"538\">🌟 추천 코스</h2><p data-start=\"540\" data-end=\"614\"><strong data-start=\"540\" data-end=\"614\">1. 하노이 출발 → 하롱베이 크루즈 탑승 → 석회암 섬 탐험 및 동굴 방문 → 카약 체험 → 해산물 식사 → 일출/일몰 감상</strong></p><ul data-start=\"616\" data-end=\"769\"><li data-start=\"616\" data-end=\"654\"><p data-start=\"618\" data-end=\"654\"><strong data-start=\"618\" data-end=\"630\">하롱베이 크루즈</strong>: 1박 2일 또는 당일 투어 선택 가능</p></li><li data-start=\"655\" data-end=\"695\"><p data-start=\"657\" data-end=\"695\"><strong data-start=\"657\" data-end=\"666\">선택 관광</strong>: 동굴(선셋 동굴, 투피 등) 탐험과 카약 체험</p></li><li data-start=\"696\" data-end=\"733\"><p data-start=\"698\" data-end=\"733\"><strong data-start=\"698\" data-end=\"711\">현지 해산물 식사</strong>: 신선한 해산물과 지역 음식 맛보기</p></li><li data-start=\"734\" data-end=\"769\"><p data-start=\"736\" data-end=\"769\"><strong data-start=\"736\" data-end=\"752\">아침 일출, 저녁 일몰</strong>: 자연 풍광 감상하며 힐링</p></li></ul><p></p><p data-start=\"771\" data-end=\"863\">⏰ 소요 시간: 1박 2일 크루즈 추천<br data-start=\"792\" data-end=\"795\">📍 위치: Quảng Ninh Province, Vietnam<br data-start=\"830\" data-end=\"833\">🚍 접근: 하노이에서 차량으로 약 3~4시간 소요</p><br><br>','#자연#바다#힐링','ChIJodysZulZSjER4wLB6fq5fmc','하롱베이',1355,'asia','X334+99J, Bãi Cháy, Ha Long, Quảng Ninh, 베트남',996),(233,'일본','/TripFul_Project/save/후지산.jpg,/TripFul_Project/save/후지산2.jpg','<p><b>\"일본의 영혼, 후지산에서 마주하는 절경의 순간\"</b></p><p>후지산은 일본 혼슈 중남부에 위치한 해발 3,776m의 활화산으로, 일본에서 가장 높은 산이자 ‘일본의 영혼’이라 불릴 만큼 상징적인 존재입니다. 2013년 유네스코 세계문화유산에 등재되었으며, 계절과 시간에 따라 달라지는 모습으로 수많은 예술가와 여행자들에게 영감을 주고 있습니다. 여름철(7~9월)에는 등산 시즌이 열려 전 세계에서 많은 등반객이 정상에 도전하며, 구름 위에서 맞이하는 일출(고레이코)은 인생의 장면으로 꼽힐 만큼 감동적입니다. 산기슭 주변의 후지 5호(가와구치호, 야마나카호 등)나 치바현 쪽에서 바라보는 후지산 풍경은 사계절 내내 매력적이며, 특히 눈 덮인 겨울 후지산은 한 폭의 수묵화처럼 장엄합니다.<b></b></p><h2 data-start=\"674\" data-end=\"685\">🌟 추천 코스</h2><p data-start=\"687\" data-end=\"761\"><strong data-start=\"687\" data-end=\"761\">1. 후지 5호 드라이브 → 가와구치호 뷰포인트 감상 → 후지산 등반 체험(여름 한정) → 근처 온천과 후지큐 하이랜드 즐기기</strong></p><ul data-start=\"763\" data-end=\"968\"><li data-start=\"763\" data-end=\"805\"><p data-start=\"765\" data-end=\"805\"><strong data-start=\"765\" data-end=\"780\">가와구치호 주변 산책</strong>: 사진 명소 다수, 특히 ‘오이시 공원’</p></li><li data-start=\"806\" data-end=\"846\"><p data-start=\"808\" data-end=\"846\"><strong data-start=\"808\" data-end=\"825\">후지 스바루 라인 5합목</strong>: 자동차로 올라가 등산 준비 가능</p></li><li data-start=\"847\" data-end=\"890\"><p data-start=\"849\" data-end=\"890\"><strong data-start=\"849\" data-end=\"863\">후지산 등반(여름)</strong>: 4개 루트 중 인기 높은 요시다 루트 이용</p></li><li data-start=\"891\" data-end=\"931\"><p data-start=\"893\" data-end=\"931\"><strong data-start=\"893\" data-end=\"905\">후지큐 하이랜드</strong>: 후지산 배경의 테마파크, 롤러코스터 명소</p></li><li data-start=\"932\" data-end=\"968\"><p data-start=\"934\" data-end=\"968\"><strong data-start=\"934\" data-end=\"953\">근처 온천(유라리 온천 등)</strong>: 등산 후 휴식에 최적</p></li></ul><p></p><p data-start=\"970\" data-end=\"1097\">⏰ 소요 시간: 등산은 왕복 6-10시간 / 주변 관광 당일치기 가능<del data-start=\"987\" data-end=\"1024\"><br data-start=\"1009\" data-end=\"1012\"></del>📍 추천 시기: 7-9월(등산), 봄·가을(풍경 감상), 겨울(설경)<br data-start=\"1051\" data-end=\"1054\">🚉 접근: 도쿄 신주쿠역 → 후지큐 하이랜드 or 가와구치호역(버스 2시간)</p><br>','#경치#야경#자연','ChIJmcj9QppiGWAR36TzFsn8oaY','후지산',6701,'asia','일본 〒418-0112 시즈오카현 후지노미야시 기타야마 후지 산',3524),(234,'대한민국','/TripFul_Project/save/해운대.jpg,/TripFul_Project/save/해운대2.jpg','<p>\"<b>해운대\" ― 부산의 심장을 걷다</b></p><p data-start=\"71\" data-end=\"364\">해운대는 부산을 대표하는 해변이자 대한민국에서 가장 유명한 관광 명소 중 하나입니다. 길이 약 1.5km에 이르는 백사장과 맑고 푸른 바다, 시원한 바닷바람이 어우러져 사계절 내내 많은 사람들의 발길을 끌고 있습니다. 여름에는 해수욕과 다양한 해양 스포츠를 즐길 수 있고, 겨울에는 해운대 빛축제와 해넘이 행사 등 색다른 매력을 선사합니다. 주변에는 동백섬, 해운대 블루라인파크, 더베이 101 등 볼거리와 즐길 거리가 풍부하며, 해변을 따라 조성된 산책로는 도심 속에서도 여유로운 힐링을 경험할 수 있는 특별한 공간입니다.</p><hr data-start=\"366\" data-end=\"369\"><h3 data-start=\"371\" data-end=\"383\">🌟 추천 코스</h3><p data-start=\"385\" data-end=\"456\"><strong data-start=\"385\" data-end=\"456\">1. 해운대 해변 → 동백섬 산책 → 누리마루 APEC하우스 → 블루라인파크 → 미포철길 산책 → 더베이101 야경 감상</strong></p><ul data-start=\"458\" data-end=\"671\"><li data-start=\"458\" data-end=\"494\"><p data-start=\"460\" data-end=\"494\"><strong data-start=\"460\" data-end=\"470\">해운대 해변</strong>: 부산의 대표 해변, 일출과 일몰 명소</p></li><li data-start=\"495\" data-end=\"528\"><p data-start=\"497\" data-end=\"528\"><strong data-start=\"497\" data-end=\"504\">동백섬</strong>: 동백나무 숲길 따라 산책하기 좋은 섬</p></li><li data-start=\"529\" data-end=\"578\"><p data-start=\"531\" data-end=\"578\"><strong data-start=\"531\" data-end=\"547\">누리마루 APEC하우스</strong>: 2005년 APEC 정상회의 장소, 전망이 뛰어남</p></li><li data-start=\"579\" data-end=\"609\"><p data-start=\"581\" data-end=\"609\"><strong data-start=\"581\" data-end=\"591\">블루라인파크</strong>: 해변열차와 스카이캡슐 체험</p></li><li data-start=\"610\" data-end=\"638\"><p data-start=\"612\" data-end=\"638\"><strong data-start=\"612\" data-end=\"620\">미포철길</strong>: 바다 옆 기찻길 걷기 코스</p></li><li data-start=\"639\" data-end=\"671\"><p data-start=\"641\" data-end=\"671\"><strong data-start=\"641\" data-end=\"652\">더베이 101</strong>: 요트와 함께하는 야경 포토존</p></li></ul><p data-start=\"673\" data-end=\"750\">⏰ 관람 소요 시간: 반나절 (3~4시간)<br data-start=\"696\" data-end=\"699\">📷 사진 스팟: 해운대 해변, 누리마루 전망대, 블루라인파크 스카이캡슐, 더베이 101</p><br><br>','#바다#자연#부산','ChIJXwf-DlyNaDURmKxjwdWxY5k','해운대',13225,'asia','대한민국 해운대해수욕장',522),(235,'캐나다','/TripFul_Project/save/CN타워.jpg,/TripFul_Project/save/CN타워2.jpg','<p><b>\"하늘과 맞닿은 캐나다의 상징, CN타워\"</b></p><p data-start=\"200\" data-end=\"510\">CN타워는 캐나다 토론토에 위치한 세계에서 가장 높은 독립형 통신 타워 중 하나로, 도시의 랜드마크이자 인기 관광 명소입니다. 1976년에 완공되어 높이 553.3m에 달하며, 전망대에서는 토론토 시내는 물론 온타리오 호수와 멀리 나이아가라 폭포까지도 볼 수 있습니다. 특히 투명 바닥의 스카이워크와 고속 엘리베이터, 레스토랑 등 다양한 시설이 관광객의 사랑을 받고 있습니다. CN타워는 단순한 통신 시설을 넘어 캐나다의 현대적 도시 문화를 상징하는 장소로, 토론토 방문 시 꼭 가봐야 할 명소로 손꼽힙니다.</p><p data-start=\"512\" data-end=\"526\">🌟 <strong data-start=\"515\" data-end=\"524\">추천 코스</strong></p><ol data-start=\"527\" data-end=\"601\">\r\n<li data-start=\"527\" data-end=\"601\">\r\n<p data-start=\"530\" data-end=\"601\">CN타워 입장 → 전망대 및 스카이워크 체험 → 360 레스토랑에서 식사 또는 커피 → 기념품 샵 방문 → 인근 하버프런트 산책</p>\r\n</li>\r\n</ol><ul data-start=\"603\" data-end=\"724\">\r\n<li data-start=\"603\" data-end=\"641\">\r\n<p data-start=\"605\" data-end=\"641\">스카이워크: 바닥이 유리로 된 외부 산책로, 짜릿한 체험 제공</p>\r\n</li>\r\n<li data-start=\"642\" data-end=\"692\">\r\n<p data-start=\"644\" data-end=\"692\">360 레스토랑: 회전식 레스토랑으로 멋진 도시 전경과 식사를 동시에 즐길 수 있음</p>\r\n</li>\r\n<li data-start=\"693\" data-end=\"724\">\r\n<p data-start=\"695\" data-end=\"724\">야경 관람: 일몰 후 야경이 아름다워 저녁 방문 추천</p>\r\n</li>\r\n</ul><p>\r\n\r\n\r\n\r\n</p><p data-start=\"726\" data-end=\"777\">⏰ 소요 시간: 2~3시간<br data-start=\"740\" data-end=\"743\">\r\n📷 포토 스팟: 전망대, 스카이워크 외벽, 토론토 스카이라인</p><p data-start=\"726\" data-end=\"777\"><br></p>','#랜드마크#야경','ChIJmzrzi9Y0K4gRgXUc3sTY7RU','CN 타워',687,'namerica','290 Bremner Blvd, Toronto, ON M5V 3L9 캐나다',536),(236,'노르웨이','/TripFul_Project/save/게이랑에르 피오르드.jpg,/TripFul_Project/save/게이랑에르 피오르드2.jpg','<p><b>\"노르웨이 자연의 극치, 게이랑에르 피오르드의 숨결\"</b></p><p data-start=\"240\" data-end=\"548\">게이랑에르 피오르드는 노르웨이 서부에 위치한 세계적으로 유명한 피오르드 중 하나로, 유네스코 세계유산으로 지정되어 있습니다. 깊고 푸른 바다 사이로 깎아지른 절벽과 폭포가 장관을 이루며, 자연의 위대함을 온몸으로 느낄 수 있는 명소입니다. 특히 ‘칠자 폭포’와 ‘일곱 자매 폭포’ 같은 아름다운 폭포들이 유명하며, 크루즈 투어를 통해 피오르드의 경치를 감상하거나 하이킹 코스로 절경을 즐길 수 있습니다. 맑고 깨끗한 자연과 전통 노르웨이 마을의 조화가 여행자들에게 잊지 못할 추억을 선사합니다.</p><p data-start=\"550\" data-end=\"564\">🌟 <strong data-start=\"553\" data-end=\"562\">추천 코스</strong></p><ol data-start=\"565\" data-end=\"665\"><li data-start=\"565\" data-end=\"665\"><p data-start=\"568\" data-end=\"665\">게이랑에르 마을 도착 → 피오르드 크루즈 탑승 → 폭포 감상 및 사진 촬영 → 하이킹 코스(예: 오르네피오르 트레일) → 전통 마을 탐방 → 현지 카페 또는 레스토랑에서 휴식</p></li></ol><ul data-start=\"667\" data-end=\"772\"><li data-start=\"667\" data-end=\"697\"><p data-start=\"669\" data-end=\"697\">크루즈: 피오르드의 절경을 가까이에서 감상 가능</p></li><li data-start=\"698\" data-end=\"734\"><p data-start=\"700\" data-end=\"734\">하이킹: 산과 자연을 체험하며 다양한 각도에서 풍경 즐기기</p></li><li data-start=\"735\" data-end=\"772\"><p data-start=\"737\" data-end=\"772\">현지 문화 체험: 노르웨이 전통 음식과 소박한 마을 분위기 경험</p></li></ul><p></p><p data-start=\"774\" data-end=\"834\">⏰ 소요 시간: 반나절 ~ 하루<br data-start=\"791\" data-end=\"794\">📷 포토 스팟: 칠자 폭포, 일곱 자매 폭포, 피오르드 절벽 위 전망대</p><br><br>','#자연#경치#힐링','ChIJVyy9pz8mFEYRHS7jMeSfMD0','게이랑에르 피오르드',3519,'europe','Fv63 70, 6216 Geiranger, 노르웨이',2131),(237,'스페인','/TripFul_Project/save/구엘 공원.jpg,/TripFul_Project/save/구엘 공원2.jpg','<p><b>\"가우디의 상상이 현실이 된 정원, 구엘 공원\"</b></p><p data-start=\"236\" data-end=\"567\">구엘 공원(Parc Güell)은 스페인 바르셀로나 북쪽 언덕에 위치한 독특한 공원으로, 안토니 가우디의 상상력이 그대로 녹아 있는 공간입니다. 원래는 고급 주택 단지로 개발되던 중 계획이 변경되어 시민들을 위한 공공 공원으로 조성되었습니다. 공원 전체가 곡선과 색으로 가득한 예술 작품이며, 모자이크 타일로 장식된 벤치와 도마뱀 분수, 자연 지형을 따라 만들어진 산책로가 유명합니다. 유네스코 세계유산으로 지정되어 있으며, 가우디의 상징적인 건축미와 바르셀로나 시내를 조망할 수 있는 전망이 어우러져 전 세계 관광객들의 사랑을 받고 있습니다.</p><p data-start=\"569\" data-end=\"583\">🌟 <strong data-start=\"572\" data-end=\"581\">추천 코스</strong></p><ol data-start=\"584\" data-end=\"683\">\r\n<li data-start=\"584\" data-end=\"683\">\r\n<p data-start=\"587\" data-end=\"683\">구엘 공원 입구 → 도마뱀 분수 및 중앙 계단 감상 → 가우디의 주택(구엘 하우스 박물관) → 모자이크 벤치가 있는 전망대 산책 → 자연 산책로 탐방 → 구엘 기념품샵 방문</p>\r\n</li>\r\n</ol><ul data-start=\"685\" data-end=\"794\">\r\n<li data-start=\"685\" data-end=\"724\">\r\n<p data-start=\"687\" data-end=\"724\">모자이크 벤치: 바르셀로나 전경을 감상할 수 있는 최고의 포토존</p>\r\n</li>\r\n<li data-start=\"725\" data-end=\"761\">\r\n<p data-start=\"727\" data-end=\"761\">도마뱀 분수(엘 드락): 공원의 상징이자 인기 촬영 포인트</p>\r\n</li>\r\n<li data-start=\"762\" data-end=\"794\">\r\n<p data-start=\"764\" data-end=\"794\">박물관 내부: 가우디가 실제로 거주했던 공간 탐방 가능</p>\r\n</li>\r\n</ul><p>\r\n\r\n\r\n\r\n</p><p data-start=\"796\" data-end=\"860\">⏰ 소요 시간: 약 2~3시간<br data-start=\"812\" data-end=\"815\">\r\n📷 포토 스팟: 모자이크 벤치, 도마뱀 분수, 중앙 광장에서 본 바르셀로나 전경</p><p data-start=\"796\" data-end=\"860\"><br></p>','#경치#힐링','ChIJq0HUUq6ipBIRWM6qGqALmok','구엘 공원',1532,'europe','스페인 08024 바르셀로나 Gràcia',651),(238,'독일','/TripFul_Project/save/노이슈반슈타인 성.jpg,/TripFul_Project/save/노이슈반슈타인 성2.jpg','<p><b>\"디즈니도 반한 진짜 동화 속 성\"</b></p><p data-start=\"231\" data-end=\"564\">노이슈반슈타인 성(Neuschwanstein Castle)은 독일 바이에른주 퓌센(Füssen) 근처의 알프스 산기슭에 위치한 19세기 로맨티시즘 양식의 성으로, 루트비히 2세가 바그너의 음악과 중세 전설에 영감을 받아 지었습니다. 웅장하고 화려한 외관은 디즈니의 \'잠자는 숲속의 공주\' 성의 모델이 되었을 정도로 동화적인 분위기를 자아냅니다. 내부는 금박과 프레스코화로 꾸며진 호화로운 방들이 이어지며, 특히 왕의 방과 가극장이 인상적입니다. 사계절 내내 다른 매력을 보여주는 이곳은 독일 여행 시 반드시 들러야 할 대표 명소로 꼽힙니다.</p><p data-start=\"566\" data-end=\"580\">🌟 <strong data-start=\"569\" data-end=\"578\">추천 코스</strong></p><ol data-start=\"581\" data-end=\"683\"><li data-start=\"581\" data-end=\"635\"><p data-start=\"584\" data-end=\"635\">퓌센역 도착 → 셔틀버스/도보로 마리엔 다리 이동 → 다리 위에서 성의 파노라마 뷰 감상</p></li><li data-start=\"636\" data-end=\"683\"><p data-start=\"639\" data-end=\"683\">노이슈반슈타인 성 내부 투어 (예약 필수) → 기념품샵 → 퓌센 시내 자유 산책</p></li></ol><ul data-start=\"685\" data-end=\"782\"><li data-start=\"685\" data-end=\"720\"><p data-start=\"687\" data-end=\"720\">마리엔 다리: 성을 한눈에 담을 수 있는 최고의 뷰포인트</p></li><li data-start=\"721\" data-end=\"757\"><p data-start=\"723\" data-end=\"757\">성 내부: 루트비히 2세의 삶과 상상력이 담긴 예술적 공간</p></li><li data-start=\"758\" data-end=\"782\"><p data-start=\"760\" data-end=\"782\">겨울 설경: 눈 덮인 성은 또 다른 감동</p></li></ul><p></p><p data-start=\"784\" data-end=\"839\">⏰ 소요 시간: 반나절 ~ 하루<br data-start=\"801\" data-end=\"804\">📷 포토 스팟: 마리엔 다리, 성 입구 정면, 성 주변 산책로</p><br><br>','#성#경치','ChIJXaNOxMr3nEcRo7ud02uGpsg','노이슈반슈타인 성',654,'europe','Neuschwansteinstraße 20, 87645 Schwangau, 독일',356),(239,'베트남','/TripFul_Project/save/다낭.jpg,/TripFul_Project/save/다낭2.jpg','<p><b>\"골든 브리지부터 미케비치까지, 다낭 여행 완전 정복\"</b></p><p data-start=\"233\" data-end=\"571\">다낭은 베트남 중부에 위치한 해안 도시로, 아름다운 해변과 현대적인 도시 풍경이 조화를 이루는 인기 관광지입니다. \'미케 비치(My Khe Beach)\'는 백사장이 길게 뻗어 있어 해수욕과 일몰 감상지로 유명하며, \'바나 힐(Ba Na Hills)\'에 있는 황금색 손 모양의 다리 \'골든 브리지(Golden Bridge)\'는 SNS에서 큰 인기를 끌며 다낭의 상징이 되었습니다. 또한 오행산(마블 마운틴), 린응 사원, 용다리 등 다양한 명소들이 도심과 가까워 관광 동선이 편리합니다. 호이안, 후에 등의 도시와 인접해 베트남 중부 여행의 거점지로도 손꼽힙니다.</p><p data-start=\"573\" data-end=\"587\">🌟 <strong data-start=\"576\" data-end=\"585\">추천 코스</strong></p><ol data-start=\"588\" data-end=\"712\">\r\n<li data-start=\"588\" data-end=\"621\">\r\n<p data-start=\"591\" data-end=\"621\">아침: 미케 비치 일출 감상 → 해변 산책 및 카페</p>\r\n</li>\r\n<li data-start=\"622\" data-end=\"675\">\r\n<p data-start=\"625\" data-end=\"675\">오전~오후: 바나 힐 &amp; 골든 브리지 투어 (케이블카) → 프렌치빌리지, 테마파크 체험</p>\r\n</li>\r\n<li data-start=\"676\" data-end=\"712\">\r\n<p data-start=\"679\" data-end=\"712\">저녁: 용다리 야경 감상 → 주말 불쇼 관람 → 해산물 디너</p>\r\n</li>\r\n</ol><ul data-start=\"714\" data-end=\"871\">\r\n<li data-start=\"714\" data-end=\"759\">\r\n<p data-start=\"716\" data-end=\"759\">바나 힐: 케이블카로 올라가는 고산 테마파크, 시원한 기온과 이국적인 풍경</p>\r\n</li>\r\n<li data-start=\"760\" data-end=\"794\">\r\n<p data-start=\"762\" data-end=\"794\">오행산: 석회암 동굴과 불교 사찰이 조화를 이루는 명소</p>\r\n</li>\r\n<li data-start=\"795\" data-end=\"825\">\r\n<p data-start=\"797\" data-end=\"825\">린응 사원: 해안 절벽 위의 거대한 관세음보살상</p>\r\n</li>\r\n<li data-start=\"826\" data-end=\"871\">\r\n<p data-start=\"828\" data-end=\"871\">호이안: 다낭에서 차로 40분 거리, 전통 가옥과 야경이 아름다운 고도(古都)</p>\r\n</li>\r\n</ul><p>\r\n\r\n\r\n\r\n</p><p data-start=\"873\" data-end=\"932\">⏰ 소요 시간: 1일 ~ 2일<br data-start=\"889\" data-end=\"892\">\r\n📷 포토 스팟: 골든 브리지, 미케 비치, 린응사 전망대, 용다리 야경</p><p data-start=\"873\" data-end=\"932\"><br></p>','#휴양지#힐링#야경','ChIJEyolkscZQjERh2RDRKDjFPw','다낭',988,'asia','베트남 다낭 하이쩌우 군 다낭',351),(240,'프랑스','/TripFul_Project/save/몽생미셸.jpg,/TripFul_Project/save/몽생미셸2.jpg','<p><b>“밀물과 썰물의 기적, 프랑스의 보석 몽생미셸”</b></p><p data-start=\"259\" data-end=\"583\">몽생미셸은 프랑스 노르망디 지역에 위치한 조수(潮水) 섬으로, 밀물 때는 섬이 되고 썰물 때는 육지와 연결되는 신비로운 자연 현상으로 유명합니다. 8세기경 대천사 미카엘의 계시에 따라 수도원이 세워졌고, 이후 중세 시대에는 순례지이자 요새로 기능했습니다. 섬 전체가 유네스코 세계문화유산으로 지정되어 있으며, 중세 수도원과 성벽, 좁은 골목길, 전통 상점들이 고스란히 남아있어 마치 타임머신을 타고 과거로 돌아간 듯한 경험을 제공합니다. 조수의 흐름과 함께 시시각각 변화하는 풍경은 사진작가들과 여행자들에게 큰 사랑을 받고 있습니다.</p><p data-start=\"585\" data-end=\"599\">🌟 <strong data-start=\"588\" data-end=\"597\">추천 코스</strong></p><ol data-start=\"600\" data-end=\"713\">\r\n<li data-start=\"600\" data-end=\"639\">\r\n<p data-start=\"603\" data-end=\"639\">파리 또는 렌 출발 → 버스/기차 이용 → 섬 입구 도보 이동</p>\r\n</li>\r\n<li data-start=\"640\" data-end=\"677\">\r\n<p data-start=\"643\" data-end=\"677\">성곽 따라 걷기 → 수도원 내부 투어(오디오 가이드 추천)</p>\r\n</li>\r\n<li data-start=\"678\" data-end=\"713\">\r\n<p data-start=\"681\" data-end=\"713\">해안길 산책 → 전망대에서 밀물 풍경 감상 → 현지식 식사</p>\r\n</li>\r\n</ol><ul data-start=\"715\" data-end=\"881\">\r\n<li data-start=\"715\" data-end=\"758\">\r\n<p data-start=\"717\" data-end=\"758\">수도원 투어: 고딕 양식의 대성당, 회랑, 수도사 기도실 등 관람 가능</p>\r\n</li>\r\n<li data-start=\"759\" data-end=\"803\">\r\n<p data-start=\"761\" data-end=\"803\">라메르 풀라르(La Mère Poulard): 19세기 전통 오믈렛 맛집</p>\r\n</li>\r\n<li data-start=\"804\" data-end=\"845\">\r\n<p data-start=\"806\" data-end=\"845\">밀물 시간 체크 필수: 바닷물이 순식간에 차오르므로 일정 조정 필요</p>\r\n</li>\r\n<li data-start=\"846\" data-end=\"881\">\r\n<p data-start=\"848\" data-end=\"881\">야경: 조명이 켜진 몽생미셸은 한 폭의 그림처럼 장관을 이룸</p>\r\n</li>\r\n</ul><p>\r\n\r\n\r\n\r\n</p><p data-start=\"883\" data-end=\"952\">⏰ 소요 시간: 당일치기 or 1박 2일<br data-start=\"905\" data-end=\"908\">\r\n📷 포토 스팟: 입구 섶다리 위, 수도원 회랑, 야경 전망대, 섬 전경 드론샷</p><p data-start=\"883\" data-end=\"952\"><br></p>','#자연#성#힐링','ChIJVX8S-taoDkgRZJi79Jp9Pi8','몽 셍미쉘',2356,'europe','프랑스 50170 몽 셍미쉘',1535),(241,'프랑스','/TripFul_Project/save/베르사유 궁전.jpg,/TripFul_Project/save/베르사유 궁전2.jpg','<p><b>“절대왕정의 정점, 베르사유의 시간 속으로”</b></p><p data-start=\"271\" data-end=\"634\">베르사유 궁전은 프랑스 파리 남서쪽 약 20km 지점에 위치한 궁전으로, 루이 14세(태양왕)에 의해 프랑스 절대왕정의 상징으로 지어진 유럽 최대 규모의 궁정 건축물 중 하나입니다. 원래는 작은 사냥용 별장이었으나, 17세기 중반부터 확장되어 궁전, 정원, 부속 건물까지 장대한 규모로 완성되었습니다. 특히 **거울의 방(Hall of Mirrors)**은 베르사유의 중심이자 프랑스 왕권의 위엄을 상징하며, 세계 역사상 중요한 조약인 <strong data-start=\"544\" data-end=\"555\">베르사유 조약</strong>이 체결된 장소이기도 합니다. 웅장한 바로크 양식의 건축물과 광활한 프랑스식 정원, 분수 쇼 등은 매년 수많은 관광객을 끌어들이는 명소입니다.</p><p data-start=\"636\" data-end=\"650\">🌟 <strong data-start=\"639\" data-end=\"648\">추천 코스</strong></p><ol data-start=\"651\" data-end=\"781\">\r\n<li data-start=\"651\" data-end=\"696\">\r\n<p data-start=\"654\" data-end=\"696\">파리 시내 출발 → RER C선 이용 → 베르사유 리브 고슈역 도보 이동</p>\r\n</li>\r\n<li data-start=\"697\" data-end=\"734\">\r\n<p data-start=\"700\" data-end=\"734\">궁전 본관 내부 투어 (거울의 방, 왕실 침실, 회랑 등)</p>\r\n</li>\r\n<li data-start=\"735\" data-end=\"781\">\r\n<p data-start=\"738\" data-end=\"781\">정원 산책 → 트리아농 궁전 및 마리 앙투아네트의 농장 방문 → 분수 쇼 관람</p>\r\n</li>\r\n</ol><ul data-start=\"783\" data-end=\"937\">\r\n<li data-start=\"783\" data-end=\"826\">\r\n<p data-start=\"785\" data-end=\"826\">거울의 방: 유럽 궁전 중 가장 유명한 방, 357개의 거울과 샹들리에</p>\r\n</li>\r\n<li data-start=\"827\" data-end=\"864\">\r\n<p data-start=\"829\" data-end=\"864\">프랑스식 정원: 시메트리 구조의 조경과 분수, 조각상이 압권</p>\r\n</li>\r\n<li data-start=\"865\" data-end=\"895\">\r\n<p data-start=\"867\" data-end=\"895\">트리아농 궁: 왕족의 사적 공간으로 꾸며진 별궁</p>\r\n</li>\r\n<li data-start=\"896\" data-end=\"937\">\r\n<p data-start=\"898\" data-end=\"937\">계절별 분수 쇼: 봄~가을 한정, 음악과 함께 펼쳐지는 정원 분수 공연</p>\r\n</li>\r\n</ul><p>\r\n\r\n\r\n\r\n</p><p data-start=\"939\" data-end=\"1003\">⏰ 소요 시간: 반나절~하루<br data-start=\"954\" data-end=\"957\">\r\n📷 포토 스팟: 거울의 방, 정원 중심 분수대, 궁전 입구 계단, 트리아농의 정원</p><p data-start=\"939\" data-end=\"1003\"><br></p>','#궁#역사','ChIJdUyx15R95kcRj85ZX8H8OAU','베르사유 궁전',1345,'europe','Place d\'Armes, 78000 Versailles, 프랑스',654),(242,'대한민국','/TripFul_Project/save/불국사.jpg,/TripFul_Project/save/불국사2.jpg,/TripFul_Project/save/불국사3.jpg','<p><b>“경주의 보석, 불국사에서 만나는 신라의 아름다움”</b></p><p>경상북도 경주시 토함산 자락에 위치한 <strong data-start=\"265\" data-end=\"272\">불국사</strong>는 통일신라 시대를 대표하는 사찰로, 1995년 석굴암과 함께 유네스코 세계문화유산에 등재되었습니다. 528년(법흥왕 15년)에 창건되었으며, 8세기 김대성에 의해 현재의 모습으로 대대적으로 중창되었습니다. 화려하면서도 조화로운 목조건축과 정교한 석조물이 특징이며, 국보인 <strong data-start=\"425\" data-end=\"432\">다보탑</strong>과 <strong data-start=\"434\" data-end=\"441\">석가탑</strong>은 한국 석탑 건축의 정수를 보여줍니다. 불국사는 단순한 종교 공간을 넘어, 신라인들의 철학과 예술관, 이상 세계를 담은 건축물로 평가받고 있습니다. 봄철 벚꽃, 가을의 단풍과 어우러지는 풍경도 아름답기로 유명합니다.</p><p data-start=\"564\" data-end=\"578\">🌟 <strong data-start=\"567\" data-end=\"576\">추천 코스</strong></p><ol data-start=\"579\" data-end=\"685\"><li data-start=\"579\" data-end=\"604\"><p data-start=\"582\" data-end=\"604\">경주 시내 출발 → 불국사 입구 도착</p></li><li data-start=\"605\" data-end=\"645\"><p data-start=\"608\" data-end=\"645\">불국사 경내 관람: 청운교·백운교 → 다보탑과 석가탑 → 대웅전</p></li><li data-start=\"646\" data-end=\"685\"><p data-start=\"649\" data-end=\"685\">주변 연계 코스: 석굴암, 경주 국립박물관, 안압지(동궁과 월지)</p></li></ol><ul data-start=\"687\" data-end=\"839\"><li data-start=\"687\" data-end=\"722\"><p data-start=\"689\" data-end=\"722\"><strong data-start=\"689\" data-end=\"696\">다보탑</strong>: 독창적이고 정교한 조형미, 국보 제20호</p></li><li data-start=\"723\" data-end=\"758\"><p data-start=\"725\" data-end=\"758\"><strong data-start=\"725\" data-end=\"732\">석가탑</strong>: 간결한 비례미의 대표 탑, 국보 제21호</p></li><li data-start=\"759\" data-end=\"799\"><p data-start=\"761\" data-end=\"799\"><strong data-start=\"761\" data-end=\"772\">청운교·백운교</strong>: 하늘로 향하는 계단처럼 설계된 상징적 구조</p></li><li data-start=\"800\" data-end=\"839\"><p data-start=\"802\" data-end=\"839\"><strong data-start=\"802\" data-end=\"812\">계절별 풍경</strong>: 벚꽃, 단풍, 눈 덮인 탑 등 사계절 아름다움</p></li></ul><p></p><p data-start=\"841\" data-end=\"910\">⏰ 소요 시간: 약 1~2시간<br data-start=\"857\" data-end=\"860\">📷 포토 스팟: 다보탑과 석가탑 사이, 대웅전 앞, 청운교·백운교 계단, 입구 연못 주변</p><br><br><br>','#역사#사찰#힐링','ChIJQwyfbNqyZzUR31ffyfmvm6w','불국사',8698,'asia','대한민국 경상북도 경주시 불국로 385',6550),(243,'독일','/TripFul_Project/save/브란덴부르크 문.jpg,/TripFul_Project/save/브란덴부르크 문2.jpg','<p><b>“독일 근현대사의 관문, 브란덴부르크 문”</b></p><p data-start=\"209\" data-end=\"540\"><strong data-start=\"239\" data-end=\"251\">브란덴부르크 문</strong>은 독일 베를린 중심부에 위치한 신고전주의 양식의 문으로, 18세기 말 프리드리히 빌헬름 2세의 명으로 건설되었습니다. 고대 그리스의 프로필레아 문을 본떠 설계되었으며, 평화의 여신이 네 마리 말이 끄는 전차를 타고 있는 ‘콰드리가’ 조각상이 꼭대기에 올려져 있습니다. 냉전 시기에는 베를린 장벽 바로 앞에 위치하여 동서 분단의 상징이었고, 1989년 장벽 붕괴 후에는 <strong data-start=\"458\" data-end=\"475\">독일 통일과 자유의 상징</strong>으로 탈바꿈했습니다. 현재는 베를린과 유럽 현대사를 대변하는 중요한 랜드마크로, 많은 관광객이 찾는 필수 코스입니다.</p><p data-start=\"542\" data-end=\"556\">🌟 <strong data-start=\"545\" data-end=\"554\">추천 코스</strong></p><ol data-start=\"557\" data-end=\"731\">\r\n<li data-start=\"557\" data-end=\"588\">\r\n<p data-start=\"560\" data-end=\"588\">베를린 시내 도보 탐방 → 브란덴부르크 문 도착</p>\r\n</li>\r\n<li data-start=\"589\" data-end=\"731\">\r\n<p data-start=\"592\" data-end=\"607\">기념 촬영 후 인근 관광</p>\r\n<ul data-start=\"611\" data-end=\"731\">\r\n<li data-start=\"611\" data-end=\"637\">\r\n<p data-start=\"613\" data-end=\"637\"><strong data-start=\"613\" data-end=\"627\">홀로코스트 메모리얼</strong> (도보 2분)</p>\r\n</li>\r\n<li data-start=\"641\" data-end=\"668\">\r\n<p data-start=\"643\" data-end=\"668\"><strong data-start=\"643\" data-end=\"658\">라이히스탁 국회의사당</strong> (도보 5분)</p>\r\n</li>\r\n<li data-start=\"672\" data-end=\"693\">\r\n<p data-start=\"674\" data-end=\"693\"><strong data-start=\"674\" data-end=\"688\">운터 덴 린덴 거리</strong> 산책</p>\r\n</li>\r\n<li data-start=\"697\" data-end=\"731\">\r\n<p data-start=\"699\" data-end=\"731\"><strong data-start=\"699\" data-end=\"709\">포츠담 광장</strong> 또는 <strong data-start=\"713\" data-end=\"725\">티어가르텐 공원</strong> 연계 가능</p>\r\n</li>\r\n</ul>\r\n</li>\r\n</ol><ul data-start=\"733\" data-end=\"838\">\r\n<li data-start=\"733\" data-end=\"769\">\r\n<p data-start=\"735\" data-end=\"769\">야경 추천: 조명으로 빛나는 브란덴부르크 문은 밤에도 장관</p>\r\n</li>\r\n<li data-start=\"770\" data-end=\"809\">\r\n<p data-start=\"772\" data-end=\"809\">축제나 행사 시, 독일 국기와 함께 조명을 활용한 연출도 인상적</p>\r\n</li>\r\n<li data-start=\"810\" data-end=\"838\">\r\n<p data-start=\"812\" data-end=\"838\">근처 역사 박물관 및 벽 박물관 연계 방문 추천</p>\r\n</li>\r\n</ul><p>\r\n\r\n\r\n\r\n</p><p data-start=\"840\" data-end=\"909\">⏰ 소요 시간: 주변 탐방 포함 약 1~2시간<br data-start=\"865\" data-end=\"868\">\r\n📷 포토 스팟: 문 정면에서 촬영, 야경 배경, 콰드리가 조각상 클로즈업</p><p data-start=\"840\" data-end=\"909\"><br></p>','#역사#랜드마크','ChIJiQnyVcZRqEcRY0xnhE77uyY','브란덴부르크 문',315,'europe','Pariser Platz, 10117 Berlin, 독일',156),(244,'아이슬랜드','/TripFul_Project/save/블루라군.jpg,/TripFul_Project/save/블루라군2.jpg','<p><b>“빙하의 땅에서 만나는 온천의 신비”</b></p><p data-start=\"223\" data-end=\"537\">블루 라군은 아이슬란드 남서부, 레이캬비크에서 약 40분 거리에 위치한 천연 온천 리조트로, 지열발전소에서 나온 온수가 용암지대와 만나 형성된 인공 온천입니다. 맑고 푸른 유백색 온천수는 실리카와 미네랄이 풍부하여 피부에 좋다고 알려져 있으며, 수온은 연중 약 37~39℃로 유지되어 따뜻한 온천욕을 즐길 수 있습니다. 독특한 색감과 초현실적인 풍경 덕분에 전 세계 여행자들에게 사랑받는 명소이며, 스파, 마사지, 미용 클리닉 등 다양한 힐링 서비스를 제공합니다. 특히 아이슬란드의 황량한 화산 지형과 대조되는 신비로운 온천수의 풍경은 사진 명소로도 유명합니다.</p><hr data-start=\"539\" data-end=\"542\"><h3 data-start=\"544\" data-end=\"556\">🌟 추천 코스</h3><ol data-start=\"557\" data-end=\"710\">\r\n<li data-start=\"557\" data-end=\"590\">\r\n<p data-start=\"560\" data-end=\"590\">레이캬비크 또는 케플라비크 공항 → 블루 라군 이동</p>\r\n</li>\r\n<li data-start=\"591\" data-end=\"616\">\r\n<p data-start=\"594\" data-end=\"616\">블루 라군 온천욕 (2~3시간 추천)</p>\r\n</li>\r\n<li data-start=\"617\" data-end=\"647\">\r\n<p data-start=\"620\" data-end=\"647\">실리카 머드팩 체험 → 온천 내 바 카페 이용</p>\r\n</li>\r\n<li data-start=\"648\" data-end=\"678\">\r\n<p data-start=\"651\" data-end=\"678\">프리미엄 패키지 선택 시 고급 스파·식사 제공</p>\r\n</li>\r\n<li data-start=\"679\" data-end=\"710\">\r\n<p data-start=\"682\" data-end=\"710\">근처 화산지대 짧은 트래킹 또는 골든서클 연계 여행</p>\r\n</li>\r\n</ol><hr data-start=\"712\" data-end=\"715\"><h3 data-start=\"717\" data-end=\"730\">⏰ 소요 시간</h3><p>\r\n\r\n\r\n\r\n\r\n\r\n</p><ul data-start=\"731\" data-end=\"777\">\r\n<li data-start=\"731\" data-end=\"754\">\r\n<p data-start=\"733\" data-end=\"754\"><strong data-start=\"733\" data-end=\"752\">약 2~4시간 (휴식 포함)</strong></p>\r\n</li>\r\n<li data-start=\"755\" data-end=\"777\">\r\n<p data-start=\"757\" data-end=\"777\">공항 이동 시간 포함 시 반나절 소요</p><p data-start=\"757\" data-end=\"777\"><br></p>\r\n</li>\r\n</ul>','#자연#휴양','ChIJf4qXa3Yd1kgRlA_4HspV5cQ','블루라군',652,'europe','Blue Lagoon, 241 아이슬란드',645),(245,'미국','/TripFul_Project/save/산후안.jpg,/TripFul_Project/save/산후안2.jpg','<p><b>“카리브의 역사와 현대가 어우러진 항구 도시, 산 후안”</b></p><p data-start=\"186\" data-end=\"504\">산 후안은 푸에르토리코의 수도이자 카리브해에서 가장 오래된 도시 중 하나로, 풍부한 역사와 문화가 어우러진 관광 명소입니다. 스페인 식민지 시절의 성곽과 고풍스러운 거리, 그리고 다채로운 건축물들이 잘 보존되어 있어 ‘신대륙의 역사 도시’로 불립니다. 엘 모로 요새, 산 크리스토발 요새 같은 유네스코 세계문화유산을 비롯해 아름다운 해변과 활기찬 야시장, 레스토랑이 풍부해 관광객에게 다양한 즐길 거리를 제공합니다. 또한, 음악과 축제, 현지 음식 문화를 체험할 수 있어 카리브해 지역의 독특한 매력을 느끼기에 최적의 장소입니다.</p><p data-start=\"506\" data-end=\"516\">🌟 추천 코스</p><ul data-start=\"517\" data-end=\"664\">\r\n<li data-start=\"517\" data-end=\"561\">\r\n<p data-start=\"519\" data-end=\"561\">산 후안 구시가지 도보 투어 (엘 모로 요새, 산 크리스토발 요새 방문)</p>\r\n</li>\r\n<li data-start=\"562\" data-end=\"595\">\r\n<p data-start=\"564\" data-end=\"595\">라 포르타 다 마르 거리에서 쇼핑 및 현지 음식 체험</p>\r\n</li>\r\n<li data-start=\"596\" data-end=\"625\">\r\n<p data-start=\"598\" data-end=\"625\">콘데사 해변 또는 이슬라 베르데에서 해변 휴양</p>\r\n</li>\r\n<li data-start=\"626\" data-end=\"664\">\r\n<p data-start=\"628\" data-end=\"664\">저녁에는 플라자 델 아르마스에서 라이브 음악과 카리브 분위기 만끽</p>\r\n</li>\r\n</ul><p>\r\n\r\n\r\n</p><p data-start=\"666\" data-end=\"728\" data-is-last-node=\"\" data-is-only-node=\"\">⏰ 소요 시간: 하루 ~ 이틀<br data-start=\"682\" data-end=\"685\">\r\n📷 포토 스팟: 엘 모로 요새 전망대, 다채로운 벽화 거리, 해변 일몰 전망</p><p data-start=\"666\" data-end=\"728\" data-is-last-node=\"\" data-is-only-node=\"\"><br></p>','#휴양지#역사#해변','ChIJbxlo4m9oA4wR3FqTXA9_a60','산후안',322,'namerica','푸에르토리코 산후안',159),(246,'대한민국','/TripFul_Project/save/설악산.jpg,/TripFul_Project/save/설악산2.jpg,/TripFul_Project/save/설악산3.jpg','<p><b>“한국 3대 명산 중 하나, 설악산에서 만나는 힐링”</b></p><p data-start=\"164\" data-end=\"454\">설악산은 강원도에 위치한 대한민국을 대표하는 국립공원으로, 아름다운 산세와 다양한 생태계로 유명합니다. 울산바위, 권금성, 대청봉 등 수려한 경관이 곳곳에 펼쳐져 있어 등산객과 자연 애호가에게 인기 있는 명소입니다. 사계절마다 다른 매력을 선사하는 설악산은 봄의 철쭉꽃, 가을의 단풍, 겨울의 눈꽃 등 계절별 자연 풍광이 뛰어나 많은 관광객이 찾습니다. 또한, 잘 정비된 등산로와 케이블카를 이용해 편안하게 산의 절경을 즐길 수 있으며, 깊은 계곡과 맑은 계류가 힐링을 제공합니다.</p><p data-start=\"456\" data-end=\"466\">🌟 추천 코스</p><ul data-start=\"467\" data-end=\"557\">\r\n<li data-start=\"467\" data-end=\"495\">\r\n<p data-start=\"469\" data-end=\"495\">설악산 케이블카 탑승 → 권금성 전망대 방문</p>\r\n</li>\r\n<li data-start=\"496\" data-end=\"516\">\r\n<p data-start=\"498\" data-end=\"516\">울산바위 트레킹 (중급 코스)</p>\r\n</li>\r\n<li data-start=\"517\" data-end=\"538\">\r\n<p data-start=\"519\" data-end=\"538\">대청봉 정상 등반 (하루 코스)</p>\r\n</li>\r\n<li data-start=\"539\" data-end=\"557\">\r\n<p data-start=\"541\" data-end=\"557\">주변 온천 및 산채 음식 체험</p>\r\n</li>\r\n</ul><p>\r\n\r\n\r\n</p><p data-start=\"559\" data-end=\"620\" data-is-last-node=\"\" data-is-only-node=\"\">⏰ 소요 시간: 반나절 ~ 하루<br data-start=\"576\" data-end=\"579\">\r\n📷 포토 스팟: 권금성 전망대, 울산바위, 대청봉 정상, 오색약수터 주변</p><p data-start=\"559\" data-end=\"620\" data-is-last-node=\"\" data-is-only-node=\"\"><br></p>','#자연#산악#힐링','ChIJzS4XVrGm2F8RA7EY20MH9sM','설악산',10372,'asia','대한민국 속초시 설악산',7563),(247,'대한민국','/TripFul_Project/save/성산일출봉.jpg,/TripFul_Project/save/성산일출봉2.jpg,/TripFul_Project/save/성산일출봉3.jpg','<p><b>“자연이 만든 거대한 분화구, 성산일출봉에서의 새벽”</b></p><p data-start=\"180\" data-end=\"451\">성산일출봉은 제주도 동쪽에 위치한 해발 약 182m의 화산 분화구로, ‘성산’이라는 이름처럼 해가 떠오르는 모습이 장관인 명소입니다. 약 5천 년 전 분화한 화산활동으로 형성된 이곳은 거대한 분화구와 주변의 기암절벽이 어우러져 독특한 경관을 자랑합니다. 특히 일출 시각에 붉게 물드는 하늘과 바다가 어우러진 풍경은 제주 여행에서 빼놓을 수 없는 순간입니다. 주변에는 해녀 문화와 연관된 역사적 명소도 많아 자연과 문화를 함께 즐길 수 있습니다.</p><p data-start=\"453\" data-end=\"463\">🌟 추천 코스</p><ul data-start=\"464\" data-end=\"567\">\r\n<li data-start=\"464\" data-end=\"494\">\r\n<p data-start=\"466\" data-end=\"494\">일출봉 등반로 따라 정상까지 산책 (약 30분)</p>\r\n</li>\r\n<li data-start=\"495\" data-end=\"516\">\r\n<p data-start=\"497\" data-end=\"516\">정상에서 동쪽 바다 해돋이 감상</p>\r\n</li>\r\n<li data-start=\"517\" data-end=\"540\">\r\n<p data-start=\"519\" data-end=\"540\">주변 섭지코지 또는 우도 방문 연계</p>\r\n</li>\r\n<li data-start=\"541\" data-end=\"567\">\r\n<p data-start=\"543\" data-end=\"567\">근처 해녀 박물관 또는 해산물 식당 체험</p>\r\n</li>\r\n</ul><p>\r\n\r\n\r\n</p><p data-start=\"569\" data-end=\"634\" data-is-last-node=\"\" data-is-only-node=\"\">⏰ 소요 시간: 1~2시간 (일출 포함)<br data-start=\"591\" data-end=\"594\">\r\n📷 포토 스팟: 정상 분화구, 일출 풍경, 해안 절벽, 주변 들꽃 군락</p><p data-start=\"569\" data-end=\"634\" data-is-last-node=\"\" data-is-only-node=\"\"><br></p>','#자연#해돋이#힐링','ChIJn3jj9rkUDTURS7YjOgUyUVU','성산 일출봉',15370,'asia','대한민국 서귀포시 성산 일출봉',1352),(248,'캐나다','/TripFul_Project/save/아이스필드.jpg,/TripFul_Project/save/아이스필드2.jpg','<p><b>“눈과 빙하가 만들어낸 자연의 거대한 캔버스, 아이스필드”</b></p><p data-start=\"171\" data-end=\"501\">아이스필드는 캐나다 로키 산맥에 위치한 광활한 빙하 지대로, 세계에서 가장 큰 빙하군 중 하나입니다. 수많은 빙하와 설원들이 어우러져 장엄한 자연경관을 자랑하며, 특히 콜럼비아 아이스필드(Columbia Icefield)는 관광객들이 빙하 위를 직접 체험할 수 있는 인기 명소입니다. 아이스필드 빙하 투어에서는 특수 제작된 아이스 익스플로러 차량을 타고 빙하 위를 달리며, 거대한 얼음 덩어리와 빙하가 만들어낸 신비로운 지형을 가까이서 감상할 수 있습니다. 연중 대부분 눈과 얼음으로 덮여 있으며, 등산과 사진 촬영, 자연 탐험에 최적의 장소입니다.</p><p data-start=\"503\" data-end=\"513\">🌟 추천 코스</p><ul data-start=\"514\" data-end=\"629\">\r\n<li data-start=\"514\" data-end=\"546\">\r\n<p data-start=\"516\" data-end=\"546\">재스퍼 또는 밴프 출발 → 콜럼비아 아이스필드 방문</p>\r\n</li>\r\n<li data-start=\"547\" data-end=\"576\">\r\n<p data-start=\"549\" data-end=\"576\">아이스 익스플로러 차량 투어 (빙하 위 체험)</p>\r\n</li>\r\n<li data-start=\"577\" data-end=\"606\">\r\n<p data-start=\"579\" data-end=\"606\">빙하 하이킹 또는 스카이워크(투명 다리) 방문</p>\r\n</li>\r\n<li data-start=\"607\" data-end=\"629\">\r\n<p data-start=\"609\" data-end=\"629\">주변 로키 산맥 트레킹 코스 탐방</p>\r\n</li>\r\n</ul><p>\r\n\r\n\r\n</p><p data-start=\"631\" data-end=\"700\" data-is-last-node=\"\" data-is-only-node=\"\">⏰ 소요 시간: 반나절 ~ 하루<br data-start=\"648\" data-end=\"651\">\r\n📷 포토 스팟: 빙하 표면, 아이스 필드 스카이워크, 산맥과 빙하 전경, 얼음동굴 주변</p><p data-start=\"631\" data-end=\"700\" data-is-last-node=\"\" data-is-only-node=\"\"><br></p>','#자연#산악','ChIJTUGngZFNnVMR6lnPsla2BE8','아이스필드',3518,'namerica','Icefields Pkwy, Jasper, AB T0E 1E0 캐나다',2136),(249,'중국','/TripFul_Project/save/자금성.jpg,/TripFul_Project/save/자금성2.jpg','<p><b>“천년의 권력이 머문 곳, 자금성”</b></p><p data-start=\"165\" data-end=\"467\">자금성은 중국 베이징 도심에 위치한 명나라와 청나라 시대의 황궁으로, 세계에서 가장 큰 궁전 단지입니다. 약 600년 전 건축된 이곳은 980여 채의 건물과 8,700여 개의 방으로 이루어져 있으며, 당시 황제와 황족들의 생활과 권력을 상징합니다. 자금성은 건축학적 완성도와 전통 중국 궁전 양식의 정수를 보여주며, 현재는 ‘고궁박물원’으로 일반에 개방되어 수많은 역사적 유물과 예술품을 전시하고 있습니다. 유네스코 세계문화유산으로 지정된 자금성은 중국 역사와 문화의 깊이를 체험할 수 있는 대표적인 명소입니다.</p><p data-start=\"469\" data-end=\"483\">🌟 <strong data-start=\"472\" data-end=\"481\">추천 코스</strong></p><ul data-start=\"484\" data-end=\"618\">\r\n<li data-start=\"484\" data-end=\"536\">\r\n<p data-start=\"486\" data-end=\"536\">천안문 광장 방문 → 자금성 정문 입장 → 태화전, 중화전, 보화전 등 주요 건물 관람</p>\r\n</li>\r\n<li data-start=\"537\" data-end=\"584\">\r\n<p data-start=\"539\" data-end=\"584\">황궁 박물관 내 역사 유물 감상 → 경내 정원 산책 → 황제의 생활 공간 탐방</p>\r\n</li>\r\n<li data-start=\"585\" data-end=\"618\">\r\n<p data-start=\"587\" data-end=\"618\">오후에는 왕부림 또는 왕의 서재 등 특별 전시 구역 방문</p>\r\n</li>\r\n</ul><p>\r\n\r\n\r\n</p><p data-start=\"620\" data-end=\"712\">⏰ <strong data-start=\"622\" data-end=\"632\">소요 시간:</strong> 3~4시간 이상<br data-start=\"641\" data-end=\"644\">\r\n📍 <strong data-start=\"647\" data-end=\"654\">위치:</strong> 중국 베이징시 중심부<br data-start=\"666\" data-end=\"669\">\r\n✈️ <strong data-start=\"672\" data-end=\"679\">접근:</strong> 베이징 지하철 톈안먼동역 또는 톈안먼시역에서 도보 가능</p><p data-start=\"620\" data-end=\"712\"><br></p>','#역사#궁#유네스코','ChIJPdQVRelS8DURnwfTTb3idAY','자금성',6787,'asia','4 Jing Shan Qian Jie, Dong Cheng Qu, Bei Jing Shi, 중국 100009',5565),(251,'중국','/TripFul_Project/save/장가계.jpg,/TripFul_Project/save/장가계2.jpg,/TripFul_Project/save/장가계3.jpg','<p><b>“아바타의 영감을 받은 중국의 절경, 장가계”</b></p><p data-start=\"174\" data-end=\"438\">장가계는 중국 후난성에 위치한 자연 보호구역으로, 독특한 기암절벽과 빽빽한 삼림으로 유명합니다. 영화 ‘아바타’의 배경이 된 이곳은 3,000여 개의 석회암 기둥과 봉우리들이 구름 속에서 솟아오른 듯한 신비로운 풍경을 자랑합니다. 장가계 국립공원 내에는 다양한 트레킹 코스와 케이블카, 유리 다리 등 관광 시설이 잘 갖춰져 있어, 자연과 모험을 동시에 즐길 수 있습니다. 특히 원시림과 야생동물도 풍부해 자연 애호가들에게도 사랑받는 명소입니다.</p><p data-start=\"440\" data-end=\"454\">🌟 <strong data-start=\"443\" data-end=\"452\">추천 코스</strong></p><ul data-start=\"455\" data-end=\"555\"><li data-start=\"455\" data-end=\"488\"><p data-start=\"457\" data-end=\"488\">원가계 국립공원 케이블카 탑승 → 천자산 전망대 감상</p></li><li data-start=\"489\" data-end=\"526\"><p data-start=\"491\" data-end=\"526\">유리 다리 걷기 → 금편계 협곡 하이킹 → 황석채 폭포 방문</p></li><li data-start=\"527\" data-end=\"555\"><p data-start=\"529\" data-end=\"555\">천문산 국립공원 탐험 → 자연 동굴과 폭포 구경</p></li></ul><p></p><p data-start=\"557\" data-end=\"648\">⏰ <strong data-start=\"559\" data-end=\"569\">소요 시간:</strong> 1~2일<br data-start=\"574\" data-end=\"577\">📍 <strong data-start=\"580\" data-end=\"587\">위치:</strong> 중국 후난성 장가계 시<br data-start=\"600\" data-end=\"603\">✈️ <strong data-start=\"606\" data-end=\"613\">접근:</strong> 장가계 황룡공항 또는 창사 공항 이용 후 버스나 택시 이동</p><br><br><br>','#자연#산악','ChIJmVW2gyEGmzYRVpDCIF2LkGE','장가계',3460,'asia','중국 후난 성 장자제 시',1565),(252,'멕시코','/TripFul_Project/save/치첸이트사.jpg,/TripFul_Project/save/치첸이트사2.jpg','<p><b>“마야의 별을 품은 천문대, 치첸이트사”</b></p><p data-start=\"176\" data-end=\"447\">치첸이트사는 멕시코 유카탄 반도에 위치한 고대 마야 문명의 유적으로, 7세기에서 10세기 사이에 번성했던 도시입니다. 유네스코 세계문화유산으로 지정된 이곳은 마야의 천문학적 지식과 건축 기술이 집약된 대표적 유적지입니다. 가장 유명한 쿠쿨칸 피라미드는 계절별 태양의 움직임에 따라 ‘뱀이 내려오는’ 듯한 빛과 그림자 현상을 연출하며 방문객의 감탄을 자아냅니다. 신전, 광장, 공공 건물 등이 잘 보존되어 있어 마야 문명을 직접 체험할 수 있는 곳입니다.</p><p data-start=\"449\" data-end=\"463\">🌟 <strong data-start=\"452\" data-end=\"461\">추천 코스</strong></p><ul data-start=\"464\" data-end=\"555\">\r\n<li data-start=\"464\" data-end=\"496\">\r\n<p data-start=\"466\" data-end=\"496\">쿠쿨칸 피라미드(엘 카스티요) 관람 → 천문대 방문</p>\r\n</li>\r\n<li data-start=\"497\" data-end=\"520\">\r\n<p data-start=\"499\" data-end=\"520\">전사들의 신전과 볼 게임 코트 탐방</p>\r\n</li>\r\n<li data-start=\"521\" data-end=\"555\">\r\n<p data-start=\"523\" data-end=\"555\">세노테(천연 우물)에서 휴식 → 마야 문화 해설 투어 참가</p>\r\n</li>\r\n</ul><p>\r\n\r\n\r\n</p><p data-start=\"557\" data-end=\"641\">⏰ <strong data-start=\"559\" data-end=\"569\">소요 시간:</strong> 반나절 ~ 하루<br data-start=\"578\" data-end=\"581\">\r\n📍 <strong data-start=\"584\" data-end=\"591\">위치:</strong> 멕시코 유카탄 반도<br data-start=\"602\" data-end=\"605\">\r\n✈️ <strong data-start=\"608\" data-end=\"615\">접근:</strong> 칸쿤 국제공항에서 차량으로 약 2시간 거리</p><p data-start=\"557\" data-end=\"641\"><br></p>','#유적#문명#역사','ChIJ58CR48Y4UY8Rmk2ZaKGgHnw','치첸이트사',3456,'namerica','멕시코 97751 유카탄',1235),(253,'멕시코','/TripFul_Project/save/칸쿤.jpg,/TripFul_Project/save/칸쿤2.jpg','<p><b>“카리브해의 보석, 칸쿤의 태양과 바다”</b></p><p data-start=\"160\" data-end=\"391\">칸쿤은 멕시코 유카탄 반도 동쪽 끝, 카리브해에 위치한 세계적인 휴양지입니다. 화려한 백사장과 맑고 투명한 에메랄드빛 바다, 그리고 다채로운 해양 액티비티가 어우러져 연중 많은 관광객이 찾습니다. 스노클링과 다이빙 명소로도 유명하며, 근처 마야 유적지 방문과 열대 우림 투어 등 다양한 문화 체험도 가능합니다. 호텔 존에는 고급 리조트, 쇼핑몰, 맛집이 즐비해 편리한 휴양을 보장합니다.</p><p data-start=\"393\" data-end=\"407\">🌟 <strong data-start=\"396\" data-end=\"405\">추천 코스</strong></p><ul data-start=\"408\" data-end=\"528\">\r\n<li data-start=\"408\" data-end=\"436\">\r\n<p data-start=\"410\" data-end=\"436\">화이트 샌드 비치에서 일광욕 및 해양 스포츠</p>\r\n</li>\r\n<li data-start=\"437\" data-end=\"458\">\r\n<p data-start=\"439\" data-end=\"458\">스노클링 또는 스쿠버다이빙 체험</p>\r\n</li>\r\n<li data-start=\"459\" data-end=\"479\">\r\n<p data-start=\"461\" data-end=\"479\">이슬라 무헤레스 섬 당일 투어</p>\r\n</li>\r\n<li data-start=\"480\" data-end=\"505\">\r\n<p data-start=\"482\" data-end=\"505\">근처 세노테 탐방 및 마야 유적지 방문</p>\r\n</li>\r\n<li data-start=\"506\" data-end=\"528\">\r\n<p data-start=\"508\" data-end=\"528\">칸쿤 호텔 존에서의 쇼핑과 미식 체험</p>\r\n</li>\r\n</ul><p>\r\n\r\n\r\n</p><p data-start=\"530\" data-end=\"618\">⏰ <strong data-start=\"532\" data-end=\"542\">소요 시간:</strong> 2~4일 추천<br data-start=\"550\" data-end=\"553\">\r\n📍 <strong data-start=\"556\" data-end=\"563\">위치:</strong> 멕시코 유카탄 반도 동부, 카리브해 연안<br data-start=\"586\" data-end=\"589\">\r\n✈️ <strong data-start=\"592\" data-end=\"599\">접근:</strong> 칸쿤 국제공항 (CUN) 이용</p><p data-start=\"530\" data-end=\"618\"><br></p>','#휴양지#해변#힐링','ChIJ21P2rgUrTI8Ris1fYjy3Ms4','칸쿤',1354,'namerica','멕시코 킨타나로오 칸쿤',1320),(254,'독일','/TripFul_Project/save/쾰른 대성당.jpg,/TripFul_Project/save/쾰른 대성당2.jpg,/TripFul_Project/save/쾰른 대성당3.jpg','<p><b>“독일의 영적 심장, 쾰른 대성당”</b></p><p data-start=\"162\" data-end=\"432\">쾰른 대성당(Kölner Dom)은 독일 쾰른시에 위치한 고딕 양식의 대성당으로, 유럽에서 가장 높은 쌍탑을 자랑합니다. 1248년에 착공하여 약 600년의 긴 세월을 거쳐 1880년에 완성된 이 성당은 유네스코 세계문화유산에 등재되어 있습니다. 중세 건축의 정수를 보여주는 웅장한 스테인드글라스 창문과 정교한 조각들이 인상적이며, 성인 유해를 모신 성물함으로도 유명합니다. 독일 가톨릭 신앙의 중심지로 많은 순례자와 관광객들이 방문하는 명소입니다.</p><p data-start=\"434\" data-end=\"448\">🌟 <strong data-start=\"437\" data-end=\"446\">추천 코스</strong></p><ul data-start=\"449\" data-end=\"569\"><li data-start=\"449\" data-end=\"474\"><p data-start=\"451\" data-end=\"474\">대성당 내부 탐방과 스테인드글라스 감상</p></li><li data-start=\"475\" data-end=\"500\"><p data-start=\"477\" data-end=\"500\">성당 탑 등반하여 쾰른 시내 전망 감상</p></li><li data-start=\"501\" data-end=\"524\"><p data-start=\"503\" data-end=\"524\">인근 구시가지 및 라인강 강변 산책</p></li><li data-start=\"525\" data-end=\"542\"><p data-start=\"527\" data-end=\"542\">쾰른 대성당 박물관 방문</p></li><li data-start=\"543\" data-end=\"569\"><p data-start=\"545\" data-end=\"569\">현지 카페에서 독일 전통 음식과 맥주 즐기기</p></li></ul><p></p><p data-start=\"571\" data-end=\"642\" data-is-last-node=\"\" data-is-only-node=\"\">⏰ <strong data-start=\"573\" data-end=\"583\">소요 시간:</strong> 2~3시간<br data-start=\"589\" data-end=\"592\">📍 <strong data-start=\"595\" data-end=\"602\">위치:</strong> 독일 쾰른 시 중심부<br data-start=\"614\" data-end=\"617\">✈️ <strong data-start=\"620\" data-end=\"627\">접근:</strong> 쾰른 중앙역에서 도보 가능</p><br><br><br>','#역사#랜드마크#대성당','ChIJLz2cNqUlv0cRxqnjljiR7Ck','쾰른 대성당',5468,'europe','Domkloster 4, 50667 Köln, 독일',5165),(255,'태국','/TripFul_Project/save/푸켓.jpg,/TripFul_Project/save/푸켓2.jpg','<p><b>“푸켓: <span style=\"background-color: rgb(255, 255, 255);\">태국</span> 남부의 해양 보석”</b></p><p data-start=\"172\" data-end=\"436\">푸켓은 태국 남부 안다만해에 위치한 태국 최대의 섬으로, 아름다운 해변과 풍부한 자연경관, 활기찬 야시장과 다양한 액티비티로 유명한 휴양지입니다. 파통 비치, 카타 비치, 카론 비치 등 각기 다른 매력을 가진 해변들이 있으며, 스노클링과 다이빙, 제트스키 등 다양한 해양 스포츠를 즐길 수 있습니다. 또한, 푸켓 구시가지의 식민지 건축물과 사원들, 다양한 로컬 음식과 문화 체험도 가능합니다. 휴양과 모험, 문화 체험을 모두 만족시키는 곳입니다.</p><p data-start=\"438\" data-end=\"452\">🌟 <strong data-start=\"441\" data-end=\"450\">추천 코스</strong></p><ul data-start=\"453\" data-end=\"586\"><li data-start=\"453\" data-end=\"480\"><p data-start=\"455\" data-end=\"480\">파통 비치에서 일광욕 및 해양 스포츠 체험</p></li><li data-start=\"481\" data-end=\"507\"><p data-start=\"483\" data-end=\"507\">푸켓 구시가지 탐방 및 현지 음식 맛보기</p></li><li data-start=\"508\" data-end=\"531\"><p data-start=\"510\" data-end=\"531\">피피섬 또는 시밀란 군도 데이 투어</p></li><li data-start=\"532\" data-end=\"554\"><p data-start=\"534\" data-end=\"554\">빅 부다 사원 방문 및 전망 감상</p></li><li data-start=\"555\" data-end=\"586\"><p data-start=\"557\" data-end=\"586\">선셋 크루즈 또는 해변 카페에서 여유로운 시간 보내기</p></li></ul><p></p><p data-start=\"588\" data-end=\"655\" data-is-last-node=\"\" data-is-only-node=\"\">⏰ <strong data-start=\"590\" data-end=\"600\">소요 시간:</strong> 2~4일<br data-start=\"605\" data-end=\"608\">📍 <strong data-start=\"611\" data-end=\"618\">위치:</strong> 태국 안다만해, 푸켓섬<br data-start=\"631\" data-end=\"634\">✈️ <strong data-start=\"637\" data-end=\"644\">접근:</strong> 푸켓 국제공항 이용</p><br><br><br><br><br><br><br><br>','#휴양지#해변#힐링','ChIJT1JixOIxUDARIbo9BoWayuk','푸켓',7871,'asia','태국 푸켓',6134),(256,'캐나다','/TripFul_Project/save/휘슬러.jpg,/TripFul_Project/save/휘슬러2.jpg','<p><b>“북미 최고의 산악 리조트, 휘슬러에서 만나는 사계절의 자연”</b></p><p data-start=\"191\" data-end=\"467\">휘슬러는 캐나다 브리티시컬럼비아주에 위치한 세계적인 산악 리조트로, 겨울에는 북미 최대 규모의 스키 리조트로 유명하며, 여름에는 하이킹, 산악 자전거, 골프 등 다양한 야외 활동이 가능합니다. 휘슬러 마운틴과 블랙콤 마운틴 두 개의 산을 중심으로 펼쳐진 이곳은 뛰어난 자연경관과 편리한 리조트 시설을 갖추고 있어 전 세계에서 많은 여행객이 방문합니다. 깨끗한 공기와 광활한 산악 지대, 편리한 케이블카와 리프트 시스템이 어우러져 액티브한 휴가를 즐기기에 최적입니다.</p><p data-start=\"469\" data-end=\"483\">🌟 <strong data-start=\"472\" data-end=\"481\">추천 코스</strong></p><ul data-start=\"484\" data-end=\"630\">\r\n<li data-start=\"484\" data-end=\"513\">\r\n<p data-start=\"486\" data-end=\"513\">겨울철: 스키와 스노보드 강습 및 자유 라이딩</p>\r\n</li>\r\n<li data-start=\"514\" data-end=\"545\">\r\n<p data-start=\"516\" data-end=\"545\">여름철: 산악 자전거 코스 및 하이킹 트레일 탐방</p>\r\n</li>\r\n<li data-start=\"546\" data-end=\"571\">\r\n<p data-start=\"548\" data-end=\"571\">휘슬러 빌리지에서 쇼핑 및 다이닝 경험</p>\r\n</li>\r\n<li data-start=\"572\" data-end=\"604\">\r\n<p data-start=\"574\" data-end=\"604\">곤돌라 탑승 후 정상에서 펼쳐지는 파노라마 뷰 감상</p>\r\n</li>\r\n<li data-start=\"605\" data-end=\"630\">\r\n<p data-start=\"607\" data-end=\"630\">골프 코스에서 라운딩 및 자연 경관 즐기기</p>\r\n</li>\r\n</ul><p>\r\n\r\n\r\n</p><p data-start=\"632\" data-end=\"722\" data-is-only-node=\"\">⏰ <strong data-start=\"634\" data-end=\"644\">소요 시간:</strong> 2~4일<br data-start=\"649\" data-end=\"652\">\r\n📍 <strong data-start=\"655\" data-end=\"662\">위치:</strong> 캐나다 브리티시컬럼비아주, 휘슬러<br data-start=\"681\" data-end=\"684\">\r\n✈️ <strong data-start=\"687\" data-end=\"694\">접근:</strong> 밴쿠버 국제공항에서 차량으로 약 2시간 30분</p><p data-start=\"632\" data-end=\"722\" data-is-only-node=\"\"><br></p>','#자연#경치#야경','ChIJh3uVA7I8h1QR9s_1dehBt0o','휘슬러',349,'namerica','캐나다 V8E 브리티시컬럼비아 휘슬러',157),(257,'칠레','/TripFul_Project/save/토레스 델 파이네 국립공원1.jpg,/TripFul_Project/save/토레스 델 파이네 국립공원2.jpg,/TripFul_Project/save/토레스 델 파이네 국립공원3.jpg','<p><b>“파타고니아의 심장, 토레스 델 파이네”</b></p><p data-start=\"155\" data-end=\"370\">토레스 델 파이네 국립공원은 칠레 파타고니아 남부에 위치한 세계적인 자연 보호구역입니다. 1959년에 설립되어 유네스코 생물권보전지역으로 지정되었으며, 웅장한 파이네 산맥과 빙하, 에메랄드빛 호수, 고산 초원 등 다양한 지형이 조화를 이룹니다. ‘토레스(Torres)’는 공원을 상징하는 세 개의 거대한 화강암 봉우리를 의미하며, 그 경관은 세계 트레커들의 성지로 알려져 있습니다.</p><p data-start=\"372\" data-end=\"453\">공원 내에서는 트레킹, 캠핑, 빙하 관람, 야생동물 관찰 등의 활동이 가능하며, 자연의 위대함과 고요함을 직접 체감할 수 있는 특별한 장소입니다.</p><h3 data-start=\"455\" data-end=\"472\">🚶 추천 관람 코스</h3><p data-start=\"473\" data-end=\"494\"><strong data-start=\"473\" data-end=\"492\">1. W 트레킹 (3~5일)</strong></p><ul data-start=\"495\" data-end=\"594\">\r\n<li data-start=\"495\" data-end=\"561\">\r\n<p data-start=\"497\" data-end=\"561\">Refugio Las Torres → 베이스 오브 토레스 → Valle Francés → Glacier Grey</p>\r\n</li>\r\n<li data-start=\"562\" data-end=\"594\">\r\n<p data-start=\"564\" data-end=\"594\">공원의 핵심 포인트를 연결하는 가장 인기 있는 루트</p>\r\n</li>\r\n</ul><p data-start=\"596\" data-end=\"620\"><strong data-start=\"596\" data-end=\"618\">2. O 서킷 트레킹 (6~9일)</strong></p><ul data-start=\"621\" data-end=\"678\">\r\n<li data-start=\"621\" data-end=\"646\">\r\n<p data-start=\"623\" data-end=\"646\">W 트레킹 포함 + 공원 북쪽까지 일주</p>\r\n</li>\r\n<li data-start=\"647\" data-end=\"678\">\r\n<p data-start=\"649\" data-end=\"678\">비교적 인적이 드문 고요한 자연을 체험할 수 있음</p>\r\n</li>\r\n</ul><p data-start=\"680\" data-end=\"698\"><strong data-start=\"680\" data-end=\"696\">3. 당일 트레킹 코스</strong></p><ul data-start=\"699\" data-end=\"767\">\r\n<li data-start=\"699\" data-end=\"747\">\r\n<p data-start=\"701\" data-end=\"747\">Mirador Cuernos, Salto Grande, Laguna Azul 등</p>\r\n</li>\r\n<li data-start=\"748\" data-end=\"767\">\r\n<p data-start=\"750\" data-end=\"767\">일정이 짧은 여행자에게 적합</p>\r\n</li>\r\n</ul><h3 data-start=\"769\" data-end=\"785\">⏰ 관람 소요 시간</h3><ul data-start=\"786\" data-end=\"855\">\r\n<li data-start=\"786\" data-end=\"810\">\r\n<p data-start=\"788\" data-end=\"810\"><strong data-start=\"788\" data-end=\"798\">당일 트레킹</strong>: 3시간 ~ 하루</p>\r\n</li>\r\n<li data-start=\"811\" data-end=\"832\">\r\n<p data-start=\"813\" data-end=\"832\"><strong data-start=\"813\" data-end=\"822\">W 트레킹</strong>: 약 3~5일</p>\r\n</li>\r\n<li data-start=\"833\" data-end=\"855\">\r\n<p data-start=\"835\" data-end=\"855\"><strong data-start=\"835\" data-end=\"847\">O 서킷 트레킹</strong>: 약 6~9일</p>\r\n</li>\r\n</ul><h3 data-start=\"857\" data-end=\"871\">📍 추천 스팟</h3><p>\r\n\r\n\r\n\r\n\r\n\r\n\r\n\r\n\r\n\r\n\r\n\r\n</p><ul data-start=\"872\" data-end=\"1025\">\r\n<li data-start=\"872\" data-end=\"912\">\r\n<p data-start=\"874\" data-end=\"912\">Mirador Base Torres: 토레스 3봉을 정면에서 조망</p>\r\n</li>\r\n<li data-start=\"913\" data-end=\"946\">\r\n<p data-start=\"915\" data-end=\"946\">Salto Grande: 폭포와 산맥이 어우러진 풍경</p>\r\n</li>\r\n<li data-start=\"947\" data-end=\"991\">\r\n<p data-start=\"949\" data-end=\"991\">Mirador Cuernos: 파이네 뿔 봉우리를 감상할 수 있는 포인트</p>\r\n</li>\r\n<li data-start=\"992\" data-end=\"1025\">\r\n<p data-start=\"994\" data-end=\"1025\">Grey Glacier 전망대: 광활한 빙하를 한눈에</p></li></ul><br><br><br><br>','#자연#공원#산','ChIJB6_bgwEbpb0RWM4aRVcmn70','토레스 델 파이네 국립공원',1571,'samerica','칠레 마가야네스',1003),(258,'에콰도르','/TripFul_Project/save/갈라파고스 제도1.jpg,/TripFul_Project/save/갈라파고스 제도2.jpg,/TripFul_Project/save/갈라파고스 제도3.jpg','<p><b>“진화의 섬, 생명의 시간을 걷다 – 갈라파고스 제도”</b></p><p data-start=\"170\" data-end=\"336\"><strong data-start=\"170\" data-end=\"182\">갈라파고스 제도</strong>는 에콰도르 본토에서 약 1,000km 떨어진 태평양에 위치한 화산 군도로, <strong data-start=\"225\" data-end=\"234\">찰스 다윈</strong>이 진화론을 구상하게 된 계기로 유명합니다. 이 지역은 수백만 년간 대륙과 단절된 채로 독특한 생태계를 이루어 왔으며, <strong data-start=\"301\" data-end=\"327\">세계적으로 가장 순수한 생물다양성 보존지</strong> 중 하나입니다.</p><p data-start=\"338\" data-end=\"503\">육상 이구아나, 블루풋 부비새, 갈라파고스 거대 육지거북, 바다사자, 해양 이구아나 등 <strong data-start=\"387\" data-end=\"412\">갈라파고스에서만 볼 수 있는 희귀 생물</strong>이 서식하며, 스노클링, 하이킹, 카약, 다이빙 등 다양한 생태 체험이 가능합니다. 모든 관광은 환경보호 가이드라인 하에 이루어져 지속 가능한 방식으로 운영됩니다.</p><hr data-start=\"505\" data-end=\"508\"><h3 data-start=\"510\" data-end=\"527\">🚶 추천 관람 코스</h3><p data-start=\"529\" data-end=\"558\"><strong data-start=\"529\" data-end=\"556\">1. 산타크루스 섬 (Santa Cruz)</strong></p><ul data-start=\"559\" data-end=\"637\">\r\n<li data-start=\"559\" data-end=\"594\">\r\n<p data-start=\"561\" data-end=\"594\">최대 도시 푸에르토 아요라(Puerto Ayora) 위치</p>\r\n</li>\r\n<li data-start=\"595\" data-end=\"614\">\r\n<p data-start=\"597\" data-end=\"614\">찰스 다윈 연구소 방문 가능</p>\r\n</li>\r\n<li data-start=\"615\" data-end=\"637\">\r\n<p data-start=\"617\" data-end=\"637\">갈라파고스 거북 보호 센터 관람 추천</p>\r\n</li>\r\n</ul><p data-start=\"639\" data-end=\"664\"><strong data-start=\"639\" data-end=\"662\">2. 이사벨라 섬 (Isabela)</strong></p><ul data-start=\"665\" data-end=\"727\">\r\n<li data-start=\"665\" data-end=\"696\">\r\n<p data-start=\"667\" data-end=\"696\">화산 하이킹 (시에라 네그라), 맹그로브 숲 투어</p>\r\n</li>\r\n<li data-start=\"697\" data-end=\"727\">\r\n<p data-start=\"699\" data-end=\"727\">해변에서 해양 이구아나, 펭귄, 바다사자와 만남</p>\r\n</li>\r\n</ul><p data-start=\"729\" data-end=\"756\"><strong data-start=\"729\" data-end=\"754\">3. 플로레아나 섬 (Floreana)</strong></p><ul data-start=\"757\" data-end=\"814\">\r\n<li data-start=\"757\" data-end=\"774\">\r\n<p data-start=\"759\" data-end=\"774\">해양 생물 스노클링 명소</p>\r\n</li>\r\n<li data-start=\"775\" data-end=\"814\">\r\n<p data-start=\"777\" data-end=\"814\">해적 전설이 깃든 우체통 만(Post Office Bay) 체험</p>\r\n</li>\r\n</ul><p data-start=\"816\" data-end=\"843\"><strong data-start=\"816\" data-end=\"841\">4. 에스파뇰라 섬 (Española)</strong></p><ul data-start=\"844\" data-end=\"883\">\r\n<li data-start=\"844\" data-end=\"857\">\r\n<p data-start=\"846\" data-end=\"857\">알바트로스 번식지</p>\r\n</li>\r\n<li data-start=\"858\" data-end=\"883\">\r\n<p data-start=\"860\" data-end=\"883\">색색의 바위 해변과 바다새 서식지 풍부</p>\r\n</li>\r\n</ul><hr data-start=\"885\" data-end=\"888\"><h3 data-start=\"890\" data-end=\"906\">⏰ 관람 소요 시간</h3><ul data-start=\"907\" data-end=\"1007\">\r\n<li data-start=\"907\" data-end=\"932\">\r\n<p data-start=\"909\" data-end=\"932\"><strong data-start=\"909\" data-end=\"924\">최소 권장 체류 기간</strong>: 4~7일</p>\r\n</li>\r\n<li data-start=\"933\" data-end=\"982\">\r\n<p data-start=\"935\" data-end=\"982\"><strong data-start=\"935\" data-end=\"948\">크루즈 투어 기준</strong>: 3박 4일 / 5박 6일 / 7박 8일 등 다양한 코스</p>\r\n</li>\r\n<li data-start=\"983\" data-end=\"1007\">\r\n<p data-start=\"985\" data-end=\"1007\"><strong data-start=\"985\" data-end=\"996\">각 섬별 탐방</strong>: 반나절~하루 소요</p>\r\n</li>\r\n</ul><hr data-start=\"1009\" data-end=\"1012\"><h3 data-start=\"1014\" data-end=\"1028\">📍 추천 스팟</h3><p>\r\n\r\n\r\n\r\n\r\n\r\n\r\n\r\n\r\n\r\n\r\n\r\n\r\n\r\n\r\n\r\n\r\n</p><ul data-start=\"1029\" data-end=\"1206\">\r\n<li data-start=\"1029\" data-end=\"1062\">\r\n<p data-start=\"1031\" data-end=\"1062\"><strong data-start=\"1031\" data-end=\"1044\">찰스 다윈 연구소</strong>: 진화론과 생물 보존의 현장</p>\r\n</li>\r\n<li data-start=\"1063\" data-end=\"1094\">\r\n<p data-start=\"1065\" data-end=\"1094\"><strong data-start=\"1065\" data-end=\"1079\">시에라 네그라 화산</strong>: 거대한 칼데라 트레킹</p>\r\n</li>\r\n<li data-start=\"1095\" data-end=\"1139\">\r\n<p data-start=\"1097\" data-end=\"1139\"><strong data-start=\"1097\" data-end=\"1108\">데빌스 크라운</strong>(Devil\'s Crown): 최고의 스노클링 포인트</p>\r\n</li>\r\n<li data-start=\"1140\" data-end=\"1172\">\r\n<p data-start=\"1142\" data-end=\"1172\"><strong data-start=\"1142\" data-end=\"1152\">가드너 베이</strong>: 눈부신 백사장과 바다사자 군락</p>\r\n</li>\r\n<li data-start=\"1173\" data-end=\"1206\">\r\n<p data-start=\"1175\" data-end=\"1206\"><strong data-start=\"1175\" data-end=\"1188\">엘 차토 보호구역</strong>: 야생 갈라파고스 거북 관찰</p></li></ul>','#자연#섬#유네스','ChIJzQfsO7TZIZARI65d8P5oPvs','갈라파고스 제도',2168,'samerica','에콰도르 갈라파고스 제도',1268),(259,'칠레','/TripFul_Project/save/아타카마 사막2.jpg,/TripFul_Project/save/아타카마 사막3.jpg,/TripFul_Project/save/아타카마 사막1.jpg','<p><b>“지구에서 가장 건조한 땅, 아타카마의 침묵 속으로”</b></p><p data-start=\"131\" data-end=\"309\">칠레 북부에 펼쳐진 **아타카마 사막(Atacama Desert)**은 <strong data-start=\"171\" data-end=\"189\">세계에서 가장 건조한 사막</strong>으로 알려져 있으며, 평균 강수량이 연간 1mm 이하에 불과한 지역도 존재합니다. 이 극한의 환경 속에서 형성된 경이로운 풍경은 마치 다른 행성을 연상케 하며, NASA가 화성 탐사를 위한 실험을 수행할 정도입니다.</p>\r\n<p data-start=\"311\" data-end=\"468\">소금 사막, 기묘한 암석 지형, 고지대의 간헐천, 알티플라노 호수 등 다양한 자연 경관은 물론, 대기 오염이 거의 없어 <strong data-start=\"378\" data-end=\"397\">세계 최고 수준의 천체관측지</strong>로도 손꼽힙니다. 산페드로 데 아타카마 마을을 중심으로 다양한 생태·지질 투어가 운영되며, 모험과 고요함이 공존하는 공간입니다.</p>\r\n<hr data-start=\"470\" data-end=\"473\">\r\n<h3 data-start=\"475\" data-end=\"492\">🚶 추천 관람 코스</h3>\r\n<p data-start=\"494\" data-end=\"525\"><strong data-start=\"494\" data-end=\"523\">1. 문 계곡(Valle de la Luna)</strong></p>\r\n<ul data-start=\"526\" data-end=\"585\">\r\n<li data-start=\"526\" data-end=\"554\">\r\n<p data-start=\"528\" data-end=\"554\">침식된 지형과 붉은 사막 풍경이 펼쳐지는 곳</p>\r\n</li>\r\n<li data-start=\"555\" data-end=\"585\">\r\n<p data-start=\"557\" data-end=\"585\">해질 무렵 붉게 물드는 풍경은 필수 감상 포인트</p>\r\n</li>\r\n</ul>\r\n<p data-start=\"587\" data-end=\"623\"><strong data-start=\"587\" data-end=\"621\">2. 엘 타티오 간헐천(El Tatio Geysers)</strong></p>\r\n<ul data-start=\"624\" data-end=\"695\">\r\n<li data-start=\"624\" data-end=\"665\">\r\n<p data-start=\"626\" data-end=\"665\">해발 4,300m에 위치한 세계에서 가장 높은 간헐천 지대 중 하나</p>\r\n</li>\r\n<li data-start=\"666\" data-end=\"695\">\r\n<p data-start=\"668\" data-end=\"695\">일출 무렵 수증기 기둥이 올라오는 장관이 압권</p>\r\n</li>\r\n</ul>\r\n<p data-start=\"697\" data-end=\"734\"><strong data-start=\"697\" data-end=\"732\">3. 아타카마 소금 사막(Salar de Atacama)</strong></p>\r\n<ul data-start=\"735\" data-end=\"800\">\r\n<li data-start=\"735\" data-end=\"758\">\r\n<p data-start=\"737\" data-end=\"758\">드넓은 소금 평원과 플라밍고 서식지</p>\r\n</li>\r\n<li data-start=\"759\" data-end=\"800\">\r\n<p data-start=\"761\" data-end=\"800\">근처 라구나 체악사(Laguna Chaxa)에서 플라밍고 관찰 가능</p>\r\n</li>\r\n</ul>\r\n<p data-start=\"802\" data-end=\"819\"><strong data-start=\"802\" data-end=\"817\">4. 천체 관측 투어</strong></p>\r\n<ul data-start=\"820\" data-end=\"882\">\r\n<li data-start=\"820\" data-end=\"844\">\r\n<p data-start=\"822\" data-end=\"844\">현지 천문학자와 함께하는 밤하늘 투어</p>\r\n</li>\r\n<li data-start=\"845\" data-end=\"882\">\r\n<p data-start=\"847\" data-end=\"882\">남반구 별자리, 은하수, 토성, 목성 등의 선명한 관측 가능</p>\r\n</li>\r\n</ul>\r\n<hr data-start=\"884\" data-end=\"887\">\r\n<h3 data-start=\"889\" data-end=\"905\">⏰ 관람 소요 시간</h3>\r\n<ul data-start=\"906\" data-end=\"1035\">\r\n<li data-start=\"906\" data-end=\"931\">\r\n<p data-start=\"908\" data-end=\"931\"><strong data-start=\"908\" data-end=\"916\">문 계곡</strong>: 반나절 (3~4시간)</p>\r\n</li>\r\n<li data-start=\"932\" data-end=\"967\">\r\n<p data-start=\"934\" data-end=\"967\"><strong data-start=\"934\" data-end=\"944\">간헐천 투어</strong>: 오전 반나절 (5시간, 새벽 출발)</p>\r\n</li>\r\n<li data-start=\"968\" data-end=\"1007\">\r\n<p data-start=\"970\" data-end=\"1007\"><strong data-start=\"970\" data-end=\"987\">소금 사막 &amp; 호수 투어</strong>: 하루 일정 권장 (6~8시간)</p>\r\n</li>\r\n<li data-start=\"1008\" data-end=\"1035\">\r\n<p data-start=\"1010\" data-end=\"1035\"><strong data-start=\"1010\" data-end=\"1019\">천체 투어</strong>: 저녁 ~ 밤 (2~3시간)</p>\r\n</li>\r\n</ul>\r\n<hr data-start=\"1037\" data-end=\"1040\">\r\n<h3 data-start=\"1042\" data-end=\"1056\">📍 추천 스팟</h3>\r\n<ul data-start=\"1057\" data-end=\"1299\">\r\n<li data-start=\"1057\" data-end=\"1102\">\r\n<p data-start=\"1059\" data-end=\"1102\"><strong data-start=\"1059\" data-end=\"1086\">Valle de la Luna 일몰 전망대</strong>: 붉게 빛나는 사막 지형</p>\r\n</li>\r\n<li data-start=\"1103\" data-end=\"1155\">\r\n<p data-start=\"1105\" data-end=\"1155\"><strong data-start=\"1105\" data-end=\"1125\">El Tatio Geysers</strong>: 수증기와 태양빛이 어우러지는 새벽의 환상적 풍경</p>\r\n</li>\r\n<li data-start=\"1156\" data-end=\"1217\">\r\n<p data-start=\"1158\" data-end=\"1217\"><strong data-start=\"1158\" data-end=\"1195\">Laguna Miscanti &amp; Laguna Miñiques</strong>: 고산 호수와 눈 덮인 화산이 조화</p>\r\n</li>\r\n<li data-start=\"1218\" data-end=\"1299\">\r\n<p data-start=\"1220\" data-end=\"1299\"><strong data-start=\"1220\" data-end=\"1264\">알마(Atacama Large Millimeter Array, ALMA)</strong>: 세계 최대 전파망원경 시설, 일반 관람은 사전 예약 필수</p></li></ul><br><br><br>','#자연#사','ChIJRxzvf1JGr5YR3COCqre7TQM','아타카마 사막',1356,'samerica','칠레 안토파가스타 Antofagasta, 아타카마 사막',547),(260,'페루','/TripFul_Project/save/나스카 라인1.jpg,/TripFul_Project/save/나스카 라인3.jpg,/TripFul_Project/save/나스카 라인4.jpg,/TripFul_Project/save/나스카 라인2.jpg','<p><b>“모래 위에 새긴 미스터리, 나스카의 거대한 메시지”</b></p><p data-start=\"128\" data-end=\"366\">페루 남부의 사막 지대에 위치한 **나스카 라인(Nazca Lines)**은 2,000년 전 고대 나스카 문명이 남긴 대형 지상화로, 현재까지도 그 용도와 의미가 명확히 밝혀지지 않은 <strong data-start=\"231\" data-end=\"244\">고고학적 미스터리</strong>입니다. 1920년대 항공기에서 처음 발견된 이 거대한 지상 그림들은 새, 원숭이, 거미, 나무, 인간형 등을 포함해 300개 이상의 기하학적 및 상징적 도형들로 구성되어 있으며, 그 크기는 수십~수백 미터에 달합니다.</p>\r\n<p data-start=\"368\" data-end=\"486\">1994년 유네스코 세계문화유산으로 지정되었으며, <strong data-start=\"396\" data-end=\"417\">천문학적, 종교적, 의례적 의미</strong>를 담았을 가능성이 제기되고 있습니다. 사막의 건조한 기후와 바람이 거의 없는 환경 덕분에 지금까지도 잘 보존되어 있습니다.</p>\r\n<h3 data-start=\"488\" data-end=\"505\">🚁 추천 관람 코스</h3>\r\n<p data-start=\"506\" data-end=\"533\"><strong data-start=\"506\" data-end=\"531\">1. 경비행기 투어 (Air Tour)</strong></p>\r\n<ul data-start=\"534\" data-end=\"640\">\r\n<li data-start=\"534\" data-end=\"580\">\r\n<p data-start=\"536\" data-end=\"580\">나스카 시내 공항에서 출발하여 약 30~45분간 하늘에서 주요 지상화를 조망</p>\r\n</li>\r\n<li data-start=\"581\" data-end=\"615\">\r\n<p data-start=\"583\" data-end=\"615\">대표 도형: 원숭이, 벌새, 거미, 우주인, 콘도르 등</p>\r\n</li>\r\n<li data-start=\"616\" data-end=\"640\">\r\n<p data-start=\"618\" data-end=\"640\">창가 좌석 선점 필수 (사전 예약 권장)</p>\r\n</li>\r\n</ul>\r\n<p data-start=\"642\" data-end=\"667\"><strong data-start=\"642\" data-end=\"665\">2. 육상 전망대 (Mirador)</strong></p>\r\n<ul data-start=\"668\" data-end=\"754\">\r\n<li data-start=\"668\" data-end=\"689\">\r\n<p data-start=\"670\" data-end=\"689\">팬아메리카 고속도로 근처에 위치</p>\r\n</li>\r\n<li data-start=\"690\" data-end=\"726\">\r\n<p data-start=\"692\" data-end=\"726\">일부 도형(손, 나무 등)을 도로 옆 전망대에서 관람 가능</p>\r\n</li>\r\n<li data-start=\"727\" data-end=\"754\">\r\n<p data-start=\"729\" data-end=\"754\">고소공포증 있는 여행자나 단시간 방문 시 추천</p>\r\n</li>\r\n</ul>\r\n<p data-start=\"756\" data-end=\"776\"><strong data-start=\"756\" data-end=\"774\">3. 마리아 라이헤 박물관</strong></p>\r\n<ul data-start=\"777\" data-end=\"853\">\r\n<li data-start=\"777\" data-end=\"817\">\r\n<p data-start=\"779\" data-end=\"817\">독일 수학자이자 고고학자인 마리아 라이헤의 연구 기록과 모형 전시</p>\r\n</li>\r\n<li data-start=\"818\" data-end=\"853\">\r\n<p data-start=\"820\" data-end=\"853\">나스카 라인 보존에 기여한 인물로, 배경 지식을 얻기에 적합</p>\r\n</li>\r\n</ul>\r\n<h3 data-start=\"855\" data-end=\"871\">⏰ 관람 소요 시간</h3>\r\n<ul data-start=\"872\" data-end=\"952\">\r\n<li data-start=\"872\" data-end=\"909\">\r\n<p data-start=\"874\" data-end=\"909\"><strong data-start=\"874\" data-end=\"885\">경비행기 투어</strong>: 약 1.5~2시간 (탑승 전후 포함)</p>\r\n</li>\r\n<li data-start=\"910\" data-end=\"931\">\r\n<p data-start=\"912\" data-end=\"931\"><strong data-start=\"912\" data-end=\"922\">전망대 관람</strong>: 약 30분</p>\r\n</li>\r\n<li data-start=\"932\" data-end=\"952\">\r\n<p data-start=\"934\" data-end=\"952\"><strong data-start=\"934\" data-end=\"944\">박물관 관람</strong>: 1시간 내외</p>\r\n</li>\r\n</ul>\r\n<h3 data-start=\"954\" data-end=\"968\">📍 추천 스팟</h3>\r\n<ul data-start=\"969\" data-end=\"1158\">\r\n<li data-start=\"969\" data-end=\"1014\">\r\n<p data-start=\"971\" data-end=\"1014\"><strong data-start=\"971\" data-end=\"990\">벌새 도형 (Colibrí)</strong>: 가장 유명하고 정교한 지상화 중 하나</p>\r\n</li>\r\n<li data-start=\"1015\" data-end=\"1059\">\r\n<p data-start=\"1017\" data-end=\"1059\"><strong data-start=\"1017\" data-end=\"1040\">우주인 (El Astronauta)</strong>: 사람 형상의 미스터리한 그림</p>\r\n</li>\r\n<li data-start=\"1060\" data-end=\"1118\">\r\n<p data-start=\"1062\" data-end=\"1118\">**거미 (Araña)**와 <strong data-start=\"1078\" data-end=\"1092\">원숭이 (Mono)</strong>: 복잡한 곡선과 디테일이 뛰어난 고대 예술</p>\r\n</li>\r\n<li data-start=\"1119\" data-end=\"1158\">\r\n<p data-start=\"1121\" data-end=\"1158\"><strong data-start=\"1121\" data-end=\"1136\">마리아 라이헤 전망대</strong>: 도형들을 한눈에 조망할 수 있는 위치</p>\r\n</li>\r\n</ul><br><br><br><br>','#유네스코#고고','ChIJQQaiXrevFpERgKfChoVIHbk','나스카 라인',1647,'samerica','8V3F+2GF, Estudiantes 11350 페루',1340),(262,'캄보디아','/TripFul_Project/save/앙코르와트.jpg,/TripFul_Project/save/앙코르와트2.jpg,/TripFul_Project/save/앙코르와트3.jpg','<p><b>“신들의 도시, 앙코르와트의 석조에 새겨진 영원”</b></p><p data-start=\"155\" data-end=\"329\"><strong data-start=\"155\" data-end=\"164\">앙코르와트</strong>는 캄보디아 시엠립 인근에 위치한 세계 최대 규모의 사원 단지로, 12세기 초 <strong data-start=\"208\" data-end=\"229\">크메르 제국의 수리아바르만 2세</strong>에 의해 힌두교 사원으로 건립되었습니다. 이후 불교 사원으로 바뀌어 오늘날까지 종교적 의미를 지니고 있으며, <strong data-start=\"290\" data-end=\"321\">캄보디아 국기의 중심 도안이 될 만큼 국가적 상징</strong>이기도 합니다.</p>\r\n<p data-start=\"331\" data-end=\"474\">사원은 우주를 형상화한 구조로 설계되어 있으며, 장대한 해자와 정교한 회랑 부조, 중앙탑 등은 고대 건축의 정점을 보여줍니다. 유네스코 세계문화유산으로 지정되어 있으며, 새벽의 일출을 배경으로 펼쳐지는 실루엣은 전 세계 여행자들의 ‘버킷리스트’로 꼽힙니다.</p>\r\n<hr data-start=\"476\" data-end=\"479\">\r\n<h3 data-start=\"481\" data-end=\"498\">🚶 추천 관람 코스</h3>\r\n<p data-start=\"500\" data-end=\"517\"><strong data-start=\"500\" data-end=\"515\">1. 앙코르와트 본전</strong></p>\r\n<ul data-start=\"518\" data-end=\"616\">\r\n<li data-start=\"518\" data-end=\"550\">\r\n<p data-start=\"520\" data-end=\"550\">서쪽 입구 → 해자 건넘 → 외곽 회랑의 부조 감상</p>\r\n</li>\r\n<li data-start=\"551\" data-end=\"582\">\r\n<p data-start=\"553\" data-end=\"582\">중앙탑으로 이어지는 성소 탐방 (복장 규정 유의)</p>\r\n</li>\r\n<li data-start=\"583\" data-end=\"616\">\r\n<p data-start=\"585\" data-end=\"616\">힌두 서사시 ‘라마야나’와 ‘마하바라타’ 부조가 장관</p>\r\n</li>\r\n</ul>\r\n<p data-start=\"618\" data-end=\"640\"><strong data-start=\"618\" data-end=\"638\">2. 앙코르톰 &amp; 바이욘 사원</strong></p>\r\n<ul data-start=\"641\" data-end=\"731\">\r\n<li data-start=\"641\" data-end=\"668\">\r\n<p data-start=\"643\" data-end=\"668\">자야바르만 7세가 건설한 대규모 도시 유적</p>\r\n</li>\r\n<li data-start=\"669\" data-end=\"710\">\r\n<p data-start=\"671\" data-end=\"710\"><strong data-start=\"671\" data-end=\"681\">바이욘 사원</strong>의 200개 넘는 얼굴탑에서 신비로운 분위기 체험</p>\r\n</li>\r\n<li data-start=\"711\" data-end=\"731\">\r\n<p data-start=\"713\" data-end=\"731\">코끼리 테라스, 바푸온 사원 포함</p>\r\n</li>\r\n</ul>\r\n<p data-start=\"733\" data-end=\"748\"><strong data-start=\"733\" data-end=\"746\">3. 타프롬 사원</strong></p>\r\n<ul data-start=\"749\" data-end=\"815\">\r\n<li data-start=\"749\" data-end=\"776\">\r\n<p data-start=\"751\" data-end=\"776\">사원을 감싼 거대한 반얀 나무 뿌리로 유명</p>\r\n</li>\r\n<li data-start=\"777\" data-end=\"794\">\r\n<p data-start=\"779\" data-end=\"794\">영화 <em data-start=\"782\" data-end=\"788\">툼레이더</em> 촬영지</p>\r\n</li>\r\n<li data-start=\"795\" data-end=\"815\">\r\n<p data-start=\"797\" data-end=\"815\">자연과 유적의 융합된 풍경이 압권</p>\r\n</li>\r\n</ul>\r\n<p data-start=\"817\" data-end=\"834\"><strong data-start=\"817\" data-end=\"832\">4. 프놈 바켕 사원</strong></p>\r\n<ul data-start=\"835\" data-end=\"878\">\r\n<li data-start=\"835\" data-end=\"857\">\r\n<p data-start=\"837\" data-end=\"857\">언덕 위 사원으로 일몰 감상 명소</p>\r\n</li>\r\n<li data-start=\"858\" data-end=\"878\">\r\n<p data-start=\"860\" data-end=\"878\">입장 인원 제한, 일찍 도착 추천</p>\r\n</li>\r\n</ul>\r\n<hr data-start=\"880\" data-end=\"883\">\r\n<h3 data-start=\"885\" data-end=\"901\">⏰ 관람 소요 시간</h3>\r\n<ul data-start=\"902\" data-end=\"1004\">\r\n<li data-start=\"902\" data-end=\"925\">\r\n<p data-start=\"904\" data-end=\"925\"><strong data-start=\"904\" data-end=\"916\">앙코르와트 단독</strong>: 약 2시간</p>\r\n</li>\r\n<li data-start=\"926\" data-end=\"961\">\r\n<p data-start=\"928\" data-end=\"961\"><strong data-start=\"928\" data-end=\"952\">앙코르 톰 &amp; 타프롬 포함 당일 투어</strong>: 6~8시간</p>\r\n</li>\r\n<li data-start=\"962\" data-end=\"1004\">\r\n<p data-start=\"964\" data-end=\"1004\"><strong data-start=\"964\" data-end=\"981\">일출 or 일몰 포함 시</strong>: 이른 아침~저녁까지 일정 계획 필요</p>\r\n</li>\r\n</ul>\r\n<hr data-start=\"1006\" data-end=\"1009\">\r\n<h3 data-start=\"1011\" data-end=\"1025\">📍 추천 스팟</h3>\r\n<ul data-start=\"1026\" data-end=\"1182\">\r\n<li data-start=\"1026\" data-end=\"1067\">\r\n<p data-start=\"1028\" data-end=\"1067\"><strong data-start=\"1028\" data-end=\"1049\">앙코르와트 해자 앞 일출 포인트</strong>: 물에 비친 실루엣이 환상적</p>\r\n</li>\r\n<li data-start=\"1068\" data-end=\"1108\">\r\n<p data-start=\"1070\" data-end=\"1108\"><strong data-start=\"1070\" data-end=\"1085\">바이욘 사원의 얼굴탑</strong>: ‘신의 미소’라 불리는 독특한 표정</p>\r\n</li>\r\n<li data-start=\"1109\" data-end=\"1142\">\r\n<p data-start=\"1111\" data-end=\"1142\"><strong data-start=\"1111\" data-end=\"1126\">타프롬의 뿌리와 폐허</strong>: 사진·영상 촬영에 최적</p>\r\n</li>\r\n<li data-start=\"1143\" data-end=\"1182\">\r\n<p data-start=\"1145\" data-end=\"1182\"><strong data-start=\"1145\" data-end=\"1160\">프놈 바켕 사원 정상</strong>: 앙코르 평야를 조망할 수 있는 고지대</p>\r\n</li>\r\n</ul><br><br><br><br><br><br>','#유네스코#사원#역','ChIJLSea6ooWEDERjUGwVxGoqz4','앙코르 와트',7843,'asia','캄보디아 시엠레아프',4535),(265,'프랑스','/TripFul_Project/save/에펠탑.jpg,/TripFul_Project/save/에펠탑2.jpg,/TripFul_Project/save/에펠탑3.jpg','<p><b>“철골 위에 피어난 낭만, 파리의 심장 에펠탑”</b></p><p data-start=\"154\" data-end=\"340\">**에펠탑(Eiffel Tower)**은 1889년 프랑스 혁명 100주년과 파리 만국박람회를 기념하여 세워진 상징적인 구조물입니다. 철강 구조의 아름다움과 기술력을 과시한 이 탑은 **프랑스 공학자 귀스타브 에펠(Gustave Eiffel)**의 이름을 따서 명명되었으며, 당시에는 혁신적이면서도 논쟁을 불러일으킨 디자인이었습니다.</p><p data-start=\"342\" data-end=\"497\">높이 324m로 완공 당시 세계에서 가장 높은 건물이었고, 현재는 <strong data-start=\"379\" data-end=\"389\">파리의 상징</strong>이자 세계적으로 가장 많은 관광객이 방문하는 명소 중 하나입니다. 낮에는 세느강과 파리 시내를 조망할 수 있는 전망대 역할을, 밤에는 조명과 반짝이는 스파클링 쇼로 낭만적인 분위기를 자아냅니다.</p><hr data-start=\"499\" data-end=\"502\"><h3 data-start=\"504\" data-end=\"521\">🚶 추천 관람 코스</h3><p data-start=\"523\" data-end=\"540\"><strong data-start=\"523\" data-end=\"538\">1. 1층 (57m)</strong></p><ul data-start=\"541\" data-end=\"602\">\r\n<li data-start=\"541\" data-end=\"571\">\r\n<p data-start=\"543\" data-end=\"571\">유리 바닥 전망, 전시 공간, 카페 및 기념품점</p>\r\n</li>\r\n<li data-start=\"572\" data-end=\"602\">\r\n<p data-start=\"574\" data-end=\"602\">구조물을 가까이서 볼 수 있어 건축 애호가에겐 필수</p>\r\n</li>\r\n</ul><p data-start=\"604\" data-end=\"622\"><strong data-start=\"604\" data-end=\"620\">2. 2층 (115m)</strong></p><ul data-start=\"623\" data-end=\"714\">\r\n<li data-start=\"623\" data-end=\"644\">\r\n<p data-start=\"625\" data-end=\"644\">파리 도심 조망에 최적화된 높이</p>\r\n</li>\r\n<li data-start=\"645\" data-end=\"683\">\r\n<p data-start=\"647\" data-end=\"683\">레스토랑 <strong data-start=\"652\" data-end=\"670\">Le Jules Verne</strong>(미슐랭 스타) 위치</p>\r\n</li>\r\n<li data-start=\"684\" data-end=\"714\">\r\n<p data-start=\"686\" data-end=\"714\">샹젤리제 거리, 개선문, 몽마르트르 등이 조망 가능</p>\r\n</li>\r\n</ul><p data-start=\"716\" data-end=\"738\"><strong data-start=\"716\" data-end=\"736\">3. 정상 전망대 (276m)</strong></p><ul data-start=\"739\" data-end=\"807\">\r\n<li data-start=\"739\" data-end=\"756\">\r\n<p data-start=\"741\" data-end=\"756\">엘리베이터로만 접근 가능</p>\r\n</li>\r\n<li data-start=\"757\" data-end=\"779\">\r\n<p data-start=\"759\" data-end=\"779\">귀스타브 에펠의 사무실 재현 공간</p>\r\n</li>\r\n<li data-start=\"780\" data-end=\"807\">\r\n<p data-start=\"782\" data-end=\"807\">파리 전역을 360도 파노라마로 조망 가능</p>\r\n</li>\r\n</ul><p data-start=\"809\" data-end=\"826\"><strong data-start=\"809\" data-end=\"824\">4. 야경 &amp; 조명쇼</strong></p><ul data-start=\"827\" data-end=\"889\">\r\n<li data-start=\"827\" data-end=\"860\">\r\n<p data-start=\"829\" data-end=\"860\"><strong data-start=\"829\" data-end=\"858\">매일 일몰 후 매 정각마다 5분간 스파클링 쇼</strong></p>\r\n</li>\r\n<li data-start=\"861\" data-end=\"889\">\r\n<p data-start=\"863\" data-end=\"889\">트로카데로 광장이나 세느강 유람선에서 관람 추천</p>\r\n</li>\r\n</ul><hr data-start=\"891\" data-end=\"894\"><h3 data-start=\"896\" data-end=\"912\">⏰ 관람 소요 시간</h3><ul data-start=\"913\" data-end=\"1006\">\r\n<li data-start=\"913\" data-end=\"940\">\r\n<p data-start=\"915\" data-end=\"940\"><strong data-start=\"915\" data-end=\"923\">2층까지</strong>: 약 1시간~1시간 30분</p>\r\n</li>\r\n<li data-start=\"941\" data-end=\"984\">\r\n<p data-start=\"943\" data-end=\"984\"><strong data-start=\"943\" data-end=\"951\">정상까지</strong>: 약 2시간~2시간 30분 (성수기엔 대기 시간 포함)</p>\r\n</li>\r\n<li data-start=\"985\" data-end=\"1006\">\r\n<p data-start=\"987\" data-end=\"1006\"><strong data-start=\"987\" data-end=\"997\">야경 관람만</strong>: 30분~1시간</p>\r\n</li>\r\n</ul><hr data-start=\"1008\" data-end=\"1011\"><h3 data-start=\"1013\" data-end=\"1027\">📍 추천 스팟</h3><p>\r\n\r\n\r\n\r\n\r\n\r\n\r\n\r\n\r\n\r\n\r\n\r\n\r\n\r\n\r\n\r\n\r\n</p><ul data-start=\"1028\" data-end=\"1185\">\r\n<li data-start=\"1028\" data-end=\"1066\">\r\n<p data-start=\"1030\" data-end=\"1066\"><strong data-start=\"1030\" data-end=\"1042\">트로카데로 광장</strong>: 에펠탑 전경을 담기 가장 좋은 포인트</p>\r\n</li>\r\n<li data-start=\"1067\" data-end=\"1107\">\r\n<p data-start=\"1069\" data-end=\"1107\"><strong data-start=\"1069\" data-end=\"1082\">샹드 마르스 공원</strong>: 탑 아래에서 소풍이나 야경 감상에 적합</p>\r\n</li>\r\n<li data-start=\"1108\" data-end=\"1148\">\r\n<p data-start=\"1110\" data-end=\"1148\"><strong data-start=\"1110\" data-end=\"1121\">세느강 유람선</strong>: 야경과 조명쇼를 색다른 각도에서 감상 가능</p>\r\n</li>\r\n<li data-start=\"1149\" data-end=\"1185\">\r\n<p data-start=\"1151\" data-end=\"1185\"><strong data-start=\"1151\" data-end=\"1161\">에펠탑 정상</strong>: 특별한 순간을 위한 최고의 조망 지점</p>\r\n</li>\r\n</ul>','#랜드마크#역사#건축','ChIJLU7jZClu5kcR4PcOOO6p3I0','에펠탑',8948,'europe','Av. Gustave Eiffel, 75007 Paris, 프랑스',5467);
/*!40000 ALTER TABLE `tripful_place` ENABLE KEYS */;
UNLOCK TABLES;

--
-- Table structure for table `tripful_place_like`
--

DROP TABLE IF EXISTS `tripful_place_like`;
/*!40101 SET @saved_cs_client     = @@character_set_client */;
/*!50503 SET character_set_client = utf8mb4 */;
CREATE TABLE `tripful_place_like` (
  `like_id` int NOT NULL AUTO_INCREMENT,
  `place_num` int NOT NULL,
  `user_id` varchar(500) NOT NULL,
  PRIMARY KEY (`like_id`),
  UNIQUE KEY `place_num` (`place_num`,`user_id`),
  KEY `plike_member_idx` (`user_id`),
  CONSTRAINT `plike_member` FOREIGN KEY (`user_id`) REFERENCES `tripful_member` (`id`) ON DELETE CASCADE ON UPDATE CASCADE
) ENGINE=InnoDB AUTO_INCREMENT=227 DEFAULT CHARSET=utf8mb4 COLLATE=utf8mb4_0900_ai_ci;
/*!40101 SET character_set_client = @saved_cs_client */;

--
-- Dumping data for table `tripful_place_like`
--

LOCK TABLES `tripful_place_like` WRITE;
/*!40000 ALTER TABLE `tripful_place_like` DISABLE KEYS */;
INSERT INTO `tripful_place_like` VALUES (75,26,'hgd1234'),(66,26,'travelKim'),(93,27,'travelKim'),(95,28,'travelKim'),(86,29,'travelKim'),(85,33,'travelKim'),(31,34,'travelKim'),(49,44,'travelKim'),(55,45,'travelKim'),(33,48,'travelKim'),(29,49,'travelKim'),(71,54,'travelKim'),(32,55,'travelKim'),(89,81,'travelKim'),(91,82,'travelKim'),(94,84,'travelKim'),(96,85,'travelKim'),(73,86,'hgd1234'),(87,86,'travelKim'),(24,86,'user01'),(56,87,'travelKim'),(25,87,'user01'),(97,99,'adminTripful'),(137,99,'guestLee'),(100,99,'parkib003'),(186,196,'guestLee'),(226,196,'parkib002'),(201,197,'user01'),(143,199,'hgd1234'),(146,201,'hgd1234'),(155,204,'hgd1234'),(149,205,'hgd1234'),(145,207,'hgd1234'),(169,207,'parkib003'),(179,209,'guestLee'),(144,210,'hgd1234'),(181,210,'kch0101'),(207,210,'user01'),(142,212,'hgd1234'),(147,221,'hgd1234'),(148,224,'hgd1234'),(159,224,'parkib003'),(196,225,'guestLee'),(150,226,'hgd1234'),(206,226,'user01'),(173,227,'parkib003'),(204,230,'guestLee'),(154,230,'parkib003'),(152,233,'kch0101'),(199,235,'user01'),(177,242,'guestLee'),(166,242,'parkib003'),(208,247,'user01'),(200,248,'user01'),(209,249,'user01'),(205,256,'guestLee'),(191,258,'guestLee'),(195,262,'guestLee'),(188,265,'guestLee'),(222,265,'parkib002');
/*!40000 ALTER TABLE `tripful_place_like` ENABLE KEYS */;
UNLOCK TABLES;

--
-- Table structure for table `tripful_qna`
--

DROP TABLE IF EXISTS `tripful_qna`;
/*!40101 SET @saved_cs_client     = @@character_set_client */;
/*!50503 SET character_set_client = utf8mb4 */;
CREATE TABLE `tripful_qna` (
  `qna_idx` int NOT NULL AUTO_INCREMENT,
  `qna_title` varchar(500) NOT NULL,
  `qna_content` varchar(2000) NOT NULL,
  `qna_img` varchar(2000) DEFAULT NULL,
  `qna_writer` varchar(500) NOT NULL,
  `qna_private` tinyint NOT NULL DEFAULT '0',
  `qna_readcount` int NOT NULL,
  `qna_writeday` datetime NOT NULL,
  `qna_category` varchar(500) NOT NULL,
  `regroup` int NOT NULL,
  `restep` int NOT NULL,
  `relevel` int NOT NULL,
  PRIMARY KEY (`qna_idx`),
  KEY `q_writer_idx` (`qna_writer`),
  CONSTRAINT `q_writer` FOREIGN KEY (`qna_writer`) REFERENCES `tripful_member` (`id`) ON DELETE CASCADE ON UPDATE CASCADE
) ENGINE=InnoDB AUTO_INCREMENT=299 DEFAULT CHARSET=utf8mb4 COLLATE=utf8mb4_0900_ai_ci;
/*!40101 SET character_set_client = @saved_cs_client */;

--
-- Dumping data for table `tripful_qna`
--

LOCK TABLES `tripful_qna` WRITE;
/*!40000 ALTER TABLE `tripful_qna` DISABLE KEYS */;
INSERT INTO `tripful_qna` VALUES (197,'검색 필터가 작동하지 않아요','여행지 정보 탭에서 지역 필터를 선택해도 전체 결과만 나옵니다. 확인 부탁드립니다.','filter_bug.png','hgd1234',0,88,'2025-06-01 09:30:00','홈페이지 사용',1,0,0),(198,'Re: 검색 필터가 작동하지 않아요','안녕하세요, hgd1234님. 불편을 드려 죄송합니다. 해당 오류는 현재 개발팀에서 확인 중이며, 빠른 시일 내에 수정하도록 하겠습니다. 제보해주셔서 감사합니다.',NULL,'qnahelper',0,0,'2025-06-01 10:15:00','홈페이지 사용',1,1,1),(199,'휴면 계정 해제 요청','오랫동안 접속을 안했더니 휴면 계정으로 전환되었습니다. 해제 부탁드립니다.',NULL,'guestLee',1,23,'2025-06-02 11:00:00','계정문의',2,0,0),(200,'강릉 경포대 근처 맛집 추천해주세요!','이번 주말에 경포대로 놀러가는데, 현지인들만 아는 맛집이 있을까요? 회나 해산물 위주로 찾고 있습니다.',NULL,'travelKim',0,345,'2025-06-02 15:00:00','여행지 정보',3,0,0),(201,'Re: 강릉 경포대 근처 맛집 추천해주세요!','안녕하세요! 경포해변 근처 OOO횟집이 신선하고 가성비가 좋습니다. TripFul 앱에서도 후기를 확인해보세요!',NULL,'adminTripful',0,0,'2025-06-02 16:30:00','여행지 정보',3,1,1),(202,'Re: 강릉 경포대 근처 맛집 추천해주세요!','초당 순두부마을에 있는 XXX 순두부 젤라또도 디저트로 꼭 드셔보세요. 별미입니다.',NULL,'qnahelper',0,0,'2025-06-02 16:32:00','여행지 정보',3,2,1),(203,'리뷰 이벤트 기간 문의','리뷰 작성 이벤트가 언제까지 진행되나요? 공지사항에 날짜가 명시되어있지 않네요.',NULL,'user01',0,62,'2025-06-03 08:50:00','이벤트 문의',4,0,0),(204,'Re: 리뷰 이벤트 기간 문의','user01님 안녕하세요. 해당 이벤트는 상시 진행 이벤트입니다. 언제든지 참여 가능하십니다. 감사합니다.',NULL,'adminTripful',0,0,'2025-06-03 09:20:00','이벤트 문의',4,1,1),(205,'사이트 제휴 문의 드립니다.','안녕하세요, 저는 OOO 지역에서 게스트하우스를 운영하고 있습니다. TripFul과의 제휴 방법에 대해 문의드립니다.','guesthouse.jpg','hgd2345',0,16,'2025-06-04 14:10:00','기타 문의',5,0,0),(206,'아이디 변경 가능한가요?','가입할 때 막 만들었는데, 아이디를 변경하고 싶습니다. 가능한지 궁금합니다.',NULL,'parkib003',1,33,'2025-06-04 17:00:00','계정문의',6,0,0),(207,'Re: 아이디 변경 가능한가요?','parkib003님, 아쉽게도 가입 시 설정한 아이디는 변경이 불가능합니다. 이 점 양해 부탁드립니다.',NULL,'qnahelper',1,0,'2025-06-04 17:30:00','계정문의',6,1,1),(208,'Re: 아이디 변경 가능한가요?','부득이하게 아이디 변경을 원하실 경우, 회원 탈퇴 후 동일한 정보로 재가입하여 원하시는 아이디를 설정하실 수 있습니다.',NULL,'qnahelper',1,0,'2025-06-04 17:31:00','계정문의',6,2,1),(209,'부산 해운대 근처 주차 정보','이번 주말에 해운대로 차를 가져가는데, 근처에 저렴한 공영주차장이 있나요?',NULL,'taelim0619',0,280,'2025-06-05 10:00:00','여행지 정보',7,0,0),(210,'Re: 부산 해운대 근처 주차 정보','해운대 해수욕장 공영주차장이 가장 가깝지만 주말에는 매우 혼잡합니다. 조금 떨어진 동백공원 공영주차장을 이용하시는 것을 추천합니다.',NULL,'adminTripful',0,0,'2025-06-05 10:45:00','여행지 정보',7,1,1),(211,'Re: 부산 해운대 근처 주차 정보','좋은 정보 감사합니다!',NULL,'taelim0619',0,0,'2025-06-05 11:00:00','여행지 정보',7,2,2),(212,'찜하기 기능은 없나요?','마음에 드는 여행지를 찜해두고 나중에 보고 싶은데, 관련 기능이 보이지 않습니다.',NULL,'asdf1234',0,150,'2025-06-06 13:00:00','홈페이지 사용',8,0,0),(213,'Re: 찜하기 기능은 없나요?','안녕하세요. 현재 찜하기 기능은 개발 중에 있으며, 하반기 업데이트를 통해 선보일 예정입니다. 조금만 기다려주세요!',NULL,'adminTripful',0,0,'2025-06-06 14:00:00','홈페이지 사용',8,1,1),(214,'이벤트 당첨 경품 수령 문의','지난달 사진 이벤트에 당첨됐는데 아직 경품을 받지 못했습니다. 확인 부탁드립니다.',NULL,'kch0101',1,41,'2025-06-07 11:00:00','이벤트 문의',9,0,0),(215,'Re: 이벤트 당첨 경품 수령 문의','kch0101님, 확인 결과 주소지 정보가 누락되어 발송이 보류되었습니다. 마이페이지에서 주소 정보를 업데이트해주시면 바로 발송해드리겠습니다.',NULL,'qnahelper',1,0,'2025-06-07 11:30:00','이벤트 문의',9,1,1),(216,'서울 시티투어 버스 정보','서울 시티투어 버스의 노선과 시간표를 알고 싶습니다.','bus_map.jpg','user01',0,455,'2025-06-08 09:00:00','여행지 정보',10,0,0),(217,'Re: 서울 시티투어 버스 정보','안녕하세요. TripFul의 [여행지 정보 > 서울] 메뉴에서 시티투어 버스 상세 정보를 확인하실 수 있습니다. PDF 파일 다운로드도 가능합니다.',NULL,'adminTripful',0,0,'2025-06-08 09:30:00','여행지 정보',10,1,1),(218,'광고 문의','사이트에 배너 광고를 하고 싶습니다. 광고 단가와 절차를 알려주세요.',NULL,'hgd1234',0,30,'2025-06-09 16:00:00','기타 문의',11,0,0),(219,'Re: 광고 문의','광고 관련 문의는 marketing@tripful.com 으로 별도 연락주시면 제안서와 함께 자세한 안내 드리겠습니다. 감사합니다.',NULL,'adminTripful',0,0,'2025-06-09 16:30:00','기타 문의',11,1,1),(220,'닉네임 변경 후 글쓰기 권한','닉네임을 변경했는데 그 이후로 Q&A 게시판에 글쓰기가 안됩니다.',NULL,'guestLee',1,18,'2025-06-10 10:00:00','계정문의',12,0,0),(221,'Re: 닉네임 변경 후 글쓰기 권한','시스템 동기화 과정에서 일시적인 오류가 있었던 것 같습니다. 현재는 정상적으로 처리되었으니 다시 시도해보시기 바랍니다. 불편을 드려 죄송합니다.',NULL,'qnahelper',1,0,'2025-06-10 10:10:00','계정문의',12,1,1),(222,'전주 한옥마을 숙소 추천','11월에 어머니와 함께 전주로 여행갑니다. 한옥마을 내에 조용하고 깨끗한 숙소 추천 부탁드려요.',NULL,'travelKim',0,512,'2025-05-10 19:00:00','여행지 정보',13,0,0),(223,'Re: 전주 한옥마을 숙소 추천','어머니와 함께 가신다면 OOO 한옥호텔을 추천드립니다. 전통적인 멋과 현대적인 편리함을 모두 갖추고 있어 만족도가 높습니다.',NULL,'adminTripful',0,0,'2025-05-11 09:00:00','여행지 정보',13,1,1),(224,'Re: 전주 한옥마을 숙소 추천','XXX 고택 체험도 좋습니다. 다만 화장실이 공용인 점은 참고하셔야 합니다.',NULL,'qnahelper',0,0,'2025-05-11 09:05:00','여행지 정보',13,2,1),(225,'모바일 페이지 오류','모바일로 접속하면 화면 일부가 깨져 보입니다. (기종: 갤럭시 S24)','mobile_error.png','parkib003',0,96,'2025-05-12 12:00:00','홈페이지 사용',14,0,0),(226,'Re: 모바일 페이지 오류','제보 감사합니다. 모바일 화면 최적화에 문제가 있었던 것으로 보입니다. 담당팀에 전달하여 수정하겠습니다.',NULL,'qnahelper',0,0,'2025-05-12 14:00:00','홈페이지 사용',14,1,1),(227,'친구 초대 이벤트 문의','친구 초대 이벤트는 신규 가입자에게만 해당되나요?',NULL,'taelim0619',0,78,'2025-05-13 18:00:00','이벤트 문의',15,0,0),(228,'Re: 친구 초대 이벤트 문의','네, 맞습니다. 초대받은 친구가 신규 회원으로 가입했을 경우에만 두 분 모두에게 혜택이 지급됩니다.',NULL,'adminTripful',0,0,'2025-05-13 18:30:00','이벤트 문의',15,1,1),(229,'내 게시글 찾기','제가 작성한 Q&A 글을 모아서 볼 수 있는 기능이 있나요?',NULL,'asdf1234',0,55,'2025-05-14 10:00:00','홈페이지 사용',16,0,0),(230,'Re: 내 게시글 찾기','마이페이지 > 나의 활동 내역 > 작성글 관리 메뉴에서 확인 가능합니다.',NULL,'qnahelper',0,0,'2025-05-14 10:20:00','홈페이지 사용',16,1,1),(231,'탈퇴 후 재가입 문의','탈퇴 후 바로 재가입이 가능한가요?',NULL,'kch0101',0,20,'2025-05-15 11:00:00','계정문의',17,0,0),(232,'Re: 탈퇴 후 재가입 문의','네, 탈퇴 후 즉시 동일한 정보로 재가입이 가능합니다. 다만 기존의 활동 내역은 복구되지 않습니다.',NULL,'qnahelper',0,0,'2025-05-15 11:15:00','계정문의',17,1,1),(233,'울릉도 배편 정보','겨울철 울릉도 들어가는 배편 운항 정보를 알고 싶습니다. 결항이 잦다고 들어서요.',NULL,'user01',0,180,'2025-05-16 14:00:00','여행지 정보',18,0,0),(234,'Re: 울릉도 배편 정보','겨울철에는 기상 상황에 따라 결항이 잦으므로, 출발 전 반드시 해당 선사의 홈페이지나 고객센터를 통해 운항 여부를 직접 확인하셔야 합니다.',NULL,'adminTripful',0,0,'2025-05-16 15:00:00','여행지 정보',18,1,1),(235,'포인트 사용처 문의','적립된 포인트는 어디에 사용할 수 있나요?',NULL,'hgd2345',0,110,'2025-05-17 10:00:00','기타 문의',19,0,0),(236,'Re: 포인트 사용처 문의','적립된 포인트는 TripFul에서 여행 상품 결제 시 현금처럼 사용하실 수 있습니다. (1P = 1원)',NULL,'adminTripful',0,0,'2025-05-17 10:30:00','기타 문의',19,1,1),(237,'출석체크 이벤트 오류','어제 출석체크를 했는데, 오늘 보니 연속 출석일이 초기화되었습니다.',NULL,'guestLee',0,44,'2025-05-18 09:00:00','이벤트 문의',20,0,0),(238,'Re: 출석체크 이벤트 오류','시스템 로그 확인 결과, 23시 59분 58초에 출석체크가 되어 다음날로 넘어가는 시점과 겹쳐 발생한 오류로 보입니다. 수동으로 연속 출석일 복구해드렸습니다.',NULL,'qnahelper',0,0,'2025-05-18 10:00:00','이벤트 문의',20,1,1),(239,'Re: 출석체크 이벤트 오류','빠른 처리 감사합니다.',NULL,'guestLee',0,0,'2025-05-18 10:05:00','이벤트 문의',20,2,2),(240,'지도 서비스 오류','여행지 정보에서 지도를 클릭하면 빈 화면만 나옵니다.','map_blank.jpg','travelKim',0,82,'2025-05-19 14:20:00','홈페이지 사용',21,0,0),(241,'Re: 지도 서비스 오류','제휴 지도 API 서비스의 일시적인 오류였습니다. 현재는 복구되어 정상적으로 이용 가능합니다. 불편을 드려 죄송합니다.',NULL,'adminTripful',0,0,'2025-05-19 15:00:00','홈페이지 사용',21,1,1),(242,'비밀글 문의','제가 작성한 비밀글은 다른 사람에게 절대 보이지 않는거죠?',NULL,'hgd1234',1,5,'2025-05-20 18:00:00','계정문의',22,0,0),(243,'Re: 비밀글 문의','네, 비밀글로 설정된 게시물은 작성자 본인과 관리자만 내용을 확인할 수 있으니 안심하셔도 됩니다.',NULL,'qnahelper',1,0,'2025-05-20 18:05:00','계정문의',22,1,1),(244,'통영 케이블카 운행시간','다음주 화요일에 통영 케이블카 타러 가는데, 정기 휴일인지 아닌지 궁금합니다.',NULL,'parkib003',0,140,'2025-05-21 11:00:00','여행지 정보',23,0,0),(245,'Re: 통영 케이블카 운행시간','통영 케이블카는 매월 2, 4주차 월요일이 정기 휴장일입니다. 방문하시는 날짜가 2,4주차 월요일이 아니라면 정상 운행합니다.',NULL,'adminTripful',0,0,'2025-05-21 11:30:00','여행지 정보',23,1,1),(246,'이벤트 중복 참여','동일한 이벤트에 여러 번 참여해도 되나요?',NULL,'user01',0,66,'2025-05-22 13:00:00','이벤트 문의',24,0,0),(247,'Re: 이벤트 중복 참여','이벤트마다 정책이 다르므로, 각 이벤트 상세 페이지의 유의사항을 확인해주시기 바랍니다.',NULL,'adminTripful',0,0,'2025-05-22 13:30:00','이벤트 문의',24,1,1),(248,'게시글 삭제 문의','제가 작성한 Q&A 게시글을 삭제하고 싶습니다.',NULL,'taelim0619',0,29,'2025-05-23 15:00:00','홈페이지 사용',25,0,0),(249,'Re: 게시글 삭제 문의','답변이 달린 게시물은 삭제가 불가능하며, 답변이 없는 게시물에 한해서만 마이페이지에서 직접 삭제가 가능합니다.',NULL,'qnahelper',0,0,'2025-05-23 15:10:00','홈페이지 사용',25,1,1),(250,'Re: 게시글 삭제 문의','답변이 달린 게시물의 삭제를 원하실 경우, 본 Q&A 게시판을 통해 별도 요청해주시면 관리자가 확인 후 처리해드리고 있습니다.',NULL,'qnahelper',0,0,'2025-05-23 15:11:00','홈페이지 사용',25,2,1),(251,'아이디 찾기 질문','가입할 때 사용했던 이메일 주소를 모르는데, 아이디를 찾을 수 있는 다른 방법이 있나요?',NULL,'asdf1234',1,39,'2025-05-24 17:00:00','계정문의',26,0,0),(252,'Re: 아이디 찾기 질문','이메일을 모르실 경우, 본인 명의 휴대폰 인증을 통해서도 아이디 찾기가 가능합니다.',NULL,'adminTripful',1,0,'2025-05-24 17:20:00','계정문의',26,1,1),(253,'속초 중앙시장 정보','속초 중앙시장에서 꼭 먹어봐야 할 먹거리가 있을까요?',NULL,'kch0101',0,482,'2025-05-25 10:00:00','여행지 정보',27,0,0),(254,'Re: 속초 중앙시장 정보','만석닭강정과 씨앗호떡이 가장 유명합니다. 오징어순대도 꼭 드셔보세요!',NULL,'qnahelper',0,0,'2025-05-25 10:30:00','여행지 정보',27,1,1),(255,'고객센터 운영시간','고객센터 전화 상담은 몇시부터 몇시까지 가능한가요?',NULL,'hgd2345',0,99,'2025-05-26 09:00:00','기타 문의',28,0,0),(256,'Re: 고객센터 운영시간','유선 상담은 평일 오전 10시부터 오후 5시까지 운영됩니다. (점심시간: 12:30 ~ 13:30)',NULL,'adminTripful',0,0,'2025-05-26 09:15:00','기타 문의',28,1,1),(257,'쿠폰 사용 문의','발급받은 할인 쿠폰은 어디서 적용하나요?',NULL,'guestLee',0,81,'2025-05-27 14:00:00','홈페이지 사용',29,0,0),(258,'Re: 쿠폰 사용 문의','결제 페이지에서 \"쿠폰 적용\" 버튼을 클릭하여 보유하신 쿠폰을 선택하시면 할인이 적용됩니다.',NULL,'qnahelper',0,0,'2025-05-27 14:20:00','홈페이지 사용',29,1,1),(259,'본인인증 오류','회원가입 시 휴대폰 본인인증 단계에서 계속 오류가 발생합니다.',NULL,'hgd1234',0,41,'2025-05-28 16:00:00','계정문의',30,0,0),(260,'Re: 본인인증 오류','사용하고 계시는 통신사와 브라우저 정보를 알려주시면 원인 파악에 도움이 되겠습니다. 번거로우시겠지만 회신 부탁드립니다.',NULL,'qnahelper',0,0,'2025-05-28 16:15:00','계정문의',30,1,1),(261,'여수 밤바다 근처','여수 밤바다 보기 좋은 장소와 근처에 분위기 좋은 술집 추천해주세요.',NULL,'travelKim',0,620,'2025-05-29 19:00:00','여행지 정보',31,0,0),(262,'Re: 여수 밤바다 근처','돌산공원 전망대에서 보는 야경이 가장 유명합니다. 근처 낭만포차거리에서 해산물과 함께 술 한잔 하시는 것을 추천합니다.',NULL,'adminTripful',0,0,'2025-05-29 20:00:00','여행지 정보',31,1,1),(263,'Re: 여수 밤바다 근처','해상 케이블카를 타면서 보는 야경도 정말 멋집니다!',NULL,'qnahelper',0,0,'2025-05-29 20:05:00','여행지 정보',31,2,1),(264,'Re: 여수 밤바다 근처','좋은 정보들 정말 감사합니다. 잘 다녀오겠습니다!',NULL,'travelKim',0,0,'2025-05-30 09:00:00','여행지 정보',31,3,2),(265,'10% 할인 쿠폰 이벤트','신규회원 10% 할인 쿠폰은 어떻게 받나요?',NULL,'user01',0,77,'2025-05-30 11:00:00','이벤트 문의',32,0,0),(266,'Re: 10% 할인 쿠폰 이벤트','회원가입 즉시 자동으로 발급되어 쿠폰함에서 확인하실 수 있습니다.',NULL,'adminTripful',0,0,'2025-05-30 11:30:00','이벤트 문의',32,1,1),(267,'오타 신고','여행지 정보 상세 페이지에 오타가 있습니다. \"해운대\"가 \"해운대\"로 되어있네요.',NULL,'parkib003',0,12,'2025-05-31 13:00:00','기타 문의',33,0,0),(268,'Re: 오타 신고','세심한 지적 감사합니다. 즉시 수정하도록 하겠습니다.',NULL,'qnahelper',0,0,'2025-05-31 13:10:00','기타 문의',33,1,1),(269,'비밀번호 변경 주기','비밀번호를 주기적으로 변경하라는 안내가 뜨는데, 꼭 변경해야 하나요?',NULL,'taelim0619',0,50,'2025-04-01 15:00:00','계정문의',34,0,0),(270,'Re: 비밀번호 변경 주기','회원님의 소중한 개인정보 보호를 위해 3개월마다 비밀번호 변경을 권장하고 있습니다. 필수는 아니지만 안전을 위해 변경해주시는 것이 좋습니다.',NULL,'qnahelper',0,0,'2025-04-01 15:20:00','계정문의',34,1,1),(271,'다크 모드 지원','야간에 사이트를 볼 때 눈이 부십니다. 다크 모드를 지원해주실 수 있나요?',NULL,'asdf1234',0,122,'2025-04-02 22:00:00','홈페이지 사용',35,0,0),(272,'Re: 다크 모드 지원','좋은 의견 감사합니다. 사용자 편의성 개선을 위해 다크 모드 지원을 긍정적으로 검토하겠습니다.',NULL,'adminTripful',0,0,'2025-04-03 10:00:00','홈페이지 사용',35,1,1),(273,'제주도 2박3일 코스 추천','여자친구와 제주도로 2박3일 여행을 갑니다. 동쪽 위주로 좋은 코스 추천 부탁드려요.','jeju_map.png','kch0101',0,781,'2025-04-05 10:00:00','여행지 정보',36,0,0),(274,'Re: 제주도 2박3일 코스 추천','첫째날: 함덕해수욕장-월정리해변, 둘째날: 성산일출봉-섭지코지, 셋째날: 사려니숲길 코스를 추천합니다. 각 장소의 상세 정보는 TripFul 앱에서 확인해보세요!',NULL,'adminTripful',0,0,'2025-04-05 11:00:00','여행지 정보',36,1,1),(275,'Re: 제주도 2박3일 코스 추천','우도에 들어가시는 것도 좋은 선택입니다. 하루 정도 잡고 다녀오시면 좋습니다.',NULL,'qnahelper',0,0,'2025-04-05 11:05:00','여행지 정보',36,2,1),(276,'출석 이벤트 경품','출석 이벤트 30일 개근 경품이 무엇인가요?',NULL,'hgd2345',0,92,'2025-04-10 09:00:00','이벤트 문의',37,0,0),(277,'Re: 출석 이벤트 경품','30일 연속 출석 시 모든 상품 15% 할인 쿠폰이 지급됩니다.',NULL,'adminTripful',0,0,'2025-04-10 09:30:00','이벤트 문의',37,1,1),(278,'사회적 기업 인증','TripFul은 사회적 기업 인증을 받은 곳인가요?',NULL,'guestLee',0,9,'2025-04-12 16:00:00','기타 문의',38,0,0),(279,'Re: 사회적 기업 인증','아니요, 저희는 사회적 기업은 아니지만, 지역 사회와의 상생을 위해 다양한 노력을 기울이고 있습니다. 감사합니다.',NULL,'adminTripful',0,0,'2025-04-12 16:30:00','기타 문의',38,1,1),(280,'영문 페이지 지원','외국인 친구에게 사이트를 추천해주고 싶은데, 영문 페이지는 없나요?',NULL,'hgd1234',0,65,'2025-04-15 14:00:00','홈페이지 사용',39,0,0),(281,'Re: 영문 페이지 지원','현재 영문 페이지를 준비 중에 있으며, 올해 안으로 오픈을 목표로 하고 있습니다. 불편에 사과드립니다.',NULL,'adminTripful',0,0,'2025-04-15 14:30:00','홈페이지 사용',39,1,1),(282,'이메일 수신 거부','마케팅 이메일 수신을 거부하고 싶습니다.',NULL,'travelKim',1,20,'2025-04-18 10:00:00','계정문의',40,0,0),(283,'Re: 이메일 수신 거부','마이페이지 > 회원정보 수정 > 이메일 수신 동의 항목을 \"미동의\"로 변경하시면 됩니다.',NULL,'qnahelper',1,0,'2025-04-18 10:10:00','계정문의',40,1,1),(284,'경주 1박2일 뚜벅이 코스','차 없이 경주로 1박2일 여행 가는데, 뚜벅이를 위한 코스 추천 부탁드려요.',NULL,'user01',0,559,'2025-04-20 12:00:00','여행지 정보',41,0,0),(285,'Re: 경주 1박2일 뚜벅이 코스','첫날: 황리단길-대릉원-첨성대-동궁과월지, 둘째날: 불국사-석굴암 코스를 추천합니다. 시내버스가 잘 되어있어 이동이 편리합니다.',NULL,'qnahelper',0,0,'2025-04-20 13:00:00','여행지 정보',41,1,1),(286,'Re: 경주 1박2일 뚜벅이 코스','경주 시내에서 자전거를 대여해서 다니는 것도 좋은 방법입니다.',NULL,'adminTripful',0,0,'2025-04-20 13:02:00','여행지 정보',41,2,1),(287,'댓글알림 기능','제 글에 답변이 달리면 알림을 받을 수 있나요?',NULL,'parkib003',0,50,'2025-04-22 17:00:00','홈페이지 사용',42,0,0),(288,'Re: 댓글알림 기능','네, 마이페이지 > 알림 설정에서 이메일 또는 앱 푸시 알림 수신에 동의하시면 답변 등록 시 알림을 보내드립니다.',NULL,'qnahelper',0,0,'2025-04-22 17:15:00','홈페이지 사용',42,1,1),(289,'이벤트 아이디어 제안','전통시장 방문 인증 이벤트를 열어보는건 어떨까요?',NULL,'tripful1234',0,10,'2025-04-23 10:00:00','이벤트 문의',43,0,0),(290,'담양 여행 정보 질문','담양 죽녹원 말고 또 가볼만한 곳이 있을까요?',NULL,'asdf1234',0,235,'2025-04-24 11:00:00','여행지 정보',44,0,0),(291,'이용약관 문의','이용약관 내용이 너무 어려운데, 쉽게 요약된 버전은 없나요?',NULL,'guestLee',0,22,'2025-04-25 12:00:00','기타 문의',45,0,0),(292,'이벤트 나오나?','나오나요?',NULL,'user01',1,2,'2025-06-10 07:36:15','홈페이지 사용',292,0,0),(293,'집에가고 싶어요','집에 가고 싶어요','logo_on_naver.png','kch0101',0,10,'2025-06-12 01:55:11','기타 문의',293,0,0),(296,'안녕하세요','안녕히가세요\r\nㅋㅋ','경복궁2.jpg','parkib002',1,2,'2025-06-13 02:18:15','계정문의',294,0,0);
/*!40000 ALTER TABLE `tripful_qna` ENABLE KEYS */;
UNLOCK TABLES;

--
-- Table structure for table `tripful_review`
--

DROP TABLE IF EXISTS `tripful_review`;
/*!40101 SET @saved_cs_client     = @@character_set_client */;
/*!50503 SET character_set_client = utf8mb4 */;
CREATE TABLE `tripful_review` (
  `review_idx` int NOT NULL AUTO_INCREMENT,
  `review_id` varchar(500) NOT NULL,
  `review_content` varchar(2000) NOT NULL,
  `review_img` varchar(2000) DEFAULT NULL,
  `review_star` double DEFAULT NULL,
  `review_writeday` datetime NOT NULL,
  `place_num` int NOT NULL,
  PRIMARY KEY (`review_idx`),
  KEY `place_num_idx` (`place_num`),
  KEY `r_writer_idx` (`review_id`),
  CONSTRAINT `p_num` FOREIGN KEY (`place_num`) REFERENCES `tripful_place` (`place_num`) ON DELETE CASCADE ON UPDATE CASCADE,
  CONSTRAINT `r_writer` FOREIGN KEY (`review_id`) REFERENCES `tripful_member` (`id`) ON DELETE CASCADE ON UPDATE CASCADE
) ENGINE=InnoDB AUTO_INCREMENT=128 DEFAULT CHARSET=utf8mb4 COLLATE=utf8mb4_0900_ai_ci;
/*!40101 SET character_set_client = @saved_cs_client */;

--
-- Dumping data for table `tripful_review`
--

LOCK TABLES `tripful_review` WRITE;
/*!40000 ALTER TABLE `tripful_review` DISABLE KEYS */;
INSERT INTO `tripful_review` VALUES (38,'user01','굿굿','',5,'2025-06-10 06:44:16',256),(45,'kch0101','5465465','',3,'2025-06-10 08:14:18',226),(51,'user01','','그랜드캐니언21.jpg',5,'2025-06-10 08:23:14',226),(56,'guestLee','정말 추천드립니다','',5,'2025-06-11 00:26:58',207),(58,'kkb0329','탁트인바다가좋네요','',4,'2025-06-11 05:44:37',245),(59,'kkb0329','웅장함이 느껴지네요','',4,'2025-06-11 05:44:56',210),(60,'kkb0329','압도적폭포','',4,'2025-06-11 05:45:23',205),(61,'kkb0329','런던 랜드마크','',0,'2025-06-11 05:45:37',212),(64,'kkb0329','세계7대불가사의 중하나','',0,'2025-06-11 05:46:22',252),(65,'kkb0329','아름다운선실','',0,'2025-06-11 05:47:07',230),(66,'kkb0329','지인들이 \"LA가면 어디가야돼?\" 물어보는 경우에\r\n\r\n시간만 있다면 꼭 들러보라고 추천해주는 곳입니다.. ㅎㅎ\r\n\r\n딱히 시간 많이 안내도 상관없기도 해요! \r\n\r\n걍 기분전환 겸~ 산책삼아 한바퀴 돌고 \r\n\r\n커피나 아이스크림 하나 사먹고 다음 일정 가면 되는 곳..\r\n\r\n​\r\n\r\n근데 배경이 예뻐서 사진이 마음에 오래 남더라구요...\r\n\r\n맨 마지막 사진은 제가 프사로 한참동안 사용했고 아직도 꽤 맘에 드는 사진 중 하나예요\r\n\r\n저날은 마지막 날 렌트카 반납하러 가는 길에 잠깐 들러서 사진 찍었던 것 같아요.\r\n\r\n​\r\n\r\n공항 북쪽? 이라고 해야되나 ...\r\n\r\n산타모니카-베니스-LA국제공항 요정도 사이에 있는 동네예요.\r\n\r\n저기를 목적지로 해서 여행할 필요까지는 없지만 \r\n\r\n그냥.... LA 가서 렌트카 빌렸으면 가볍게 들를 수 있는, 사진 예쁘게 나오는 동네! ㅎㅎ\r\n\r\n​\r\n\r\n여기서 바다쪽으로 가면 베니스 비치인데 \r\n\r\n거기가 약간 젊은이들의 힙한 비치(?) 느낌이라 거길 좋아하는 사람들도 많더라구요!\r\n\r\n저는 이동네 쪽을 간다면 베니스 비치 보다는 베니스 운하 구경을 선호하는...ㅎㅎㅎ\r\n\r\n제가 그냥 꽃 좋아하고 예쁘게 정돈된 집들을 좋아하는 사람인것 같아요ㅋㅋ\r\n\r\n​\r\n\r\nLA 여행계획 있으신 분들께 살짝 추천 드려봅니당\r\n[출처] LA 베니스 운하 (베나자-베트남나트랑자유여행,달랏,무이네,호텔,투어,리조트맛집) | 작성자 theReason','',0,'2025-06-11 05:49:17',211),(67,'kkb0329','가성비 꽝이네요','',1,'2025-06-11 05:49:41',227),(68,'kkb0329','물소리가 너무 좋네요','',5,'2025-06-11 05:50:04',213),(69,'kkb0329','역대급 왕묘인거 같네요','',4,'2025-06-11 05:50:38',229),(70,'kkb0329','엄청 이쁜거 같아요','',4,'2025-06-11 05:51:05',249),(72,'kkb0329','젖었어요','',2,'2025-06-11 06:06:14',218),(73,'kkb0329','가성비 씹구려요','',3,'2025-06-11 06:08:10',235),(75,'kkb0329','멋진건물이에요','',4,'2025-06-11 06:08:53',254),(76,'kkb0329','가우디 시치 시험에만 안나오면 정말 엄청난 사람이라고 생각함','',4,'2025-06-11 06:09:39',237),(77,'kkb0329','정말 멀지만 그만큼 가치가있다고생각합니다','',4,'2025-06-11 06:10:01',225),(85,'user01','여름엔 해운대지!','해운대사진.jpg',5,'2025-06-11 08:42:14',234),(92,'kkb0329','최고의 일몰','',4,'2025-06-12 06:37:41',216),(93,'user01','푸켓은 정말 천국 같았어요! 파통비치는 낮에는 활기차고 밤에는 화려한 분위기로 완전히 달라져서 두 가지 매력을 모두 느낄 수 있었고, 스노클링으로 본 산호와 열대어들은 잊을 수 없어요. 현지 음식도 너무 맛있고 저렴해서 매 끼니가 즐거웠습니다. 특히 태국식 그린커리랑 망고밥(banana sticky rice)은 꼭 드셔보세요! 다음에도 또 방문하고 싶은 최고의 여행지입니다. ','푸켓리뷰이미지.jpg',5,'2025-06-12 07:00:36',255),(94,'user01','토론토에 오면 꼭 가봐야 할 랜드마크! CN 타워 전망대에 올라가면 도시 전경은 물론, 맑은 날엔 나이아가라 폭포 방향까지도 살짝 보일 정도로 탁 트인 뷰가 정말 인상 깊었어요. 유리 바닥 위에 서는 건 처음엔 무서웠지만, 곧 스릴 넘치고 재밌더라고요. 타워 내 레스토랑은 다소 가격대가 있지만, 식사하면서 보는 경치는 정말 값어치를 해요.\r\n단점이라면 입장료가 조금 비싸고, 주말에는 대기 시간이 길 수 있어요. 그래도 후회 없는 경험이었습니다!','',4,'2025-06-12 07:03:07',235),(96,'kkb0329','여기 추천코스로 갔다왔는데 좋은거 같아요','',4,'2025-06-12 07:44:11',208),(97,'kkb0329','이쁘긴한데 너무 덥다','',3,'2025-06-12 07:44:49',215),(99,'parkib003','여기 정말 멋있습니다 힐링도 되구요 대신 좀 덥습니다 ','',4,'2025-06-12 08:27:19',217),(101,'kkb0329','멕시코 안좋을줄 알았는데 좋네요','',4,'2025-06-12 08:40:48',253),(102,'kkb0329','로마가 생각나는 관광지입니다','',4,'2025-06-12 08:41:19',201),(103,'kkb0329','프랑스하면 역시 에펠탑인것 같습니다','',5,'2025-06-12 08:41:43',265),(104,'kkb0329','독일 갔을때 기억에 남는곳입니다','',4,'2025-06-12 08:42:29',243),(105,'kkb0329','자연의 위대함을 느끼는 곳 이였습니다','',4,'2025-06-12 08:43:01',223),(106,'user01','말로 다 못할 자연의 위대함!\r\n직접 보니 사진보다 훨씬 압도적이었어요. 일몰 때 협곡이 붉게 물드는 장면은 평생 잊지 못할 순간입니다. 하이킹도 좋고 전망대마다 감동이 달라요. 꼭 한 번 가보세요!','그랜드캐니언1.jpg',5,'2025-06-13 00:09:15',197),(108,'user01','파리에 가면 꼭 들러야 할 상징적인 명소!\r\n밤에 조명이 켜진 에펠탑은 정말 환상적이었어요. 전망대에서 보는 파리 전경도 아름다웠고, 특히 매시 정각에 반짝이는 불빛은 잊을 수 없는 순간이었습니다.\r\n\r\n줄이 조금 길긴 했지만, 기다릴 만한 가치가 충분해요. 낮과 밤 두 번 보는 것도 추천드립니다!','에펠탑관광리뷰이미지.jpg',5,'2025-06-13 01:07:45',265),(110,'taelim1813','좋아요 밤에도 너무이쁨','',4,'2025-06-13 01:35:21',265),(118,'parkib002','정말 멋있습니다!!','에펠탑5.jpg',5,'2025-06-13 02:11:44',265);
/*!40000 ALTER TABLE `tripful_review` ENABLE KEYS */;
UNLOCK TABLES;

--
-- Table structure for table `tripful_review_report`
--

DROP TABLE IF EXISTS `tripful_review_report`;
/*!40101 SET @saved_cs_client     = @@character_set_client */;
/*!50503 SET character_set_client = utf8mb4 */;
CREATE TABLE `tripful_review_report` (
  `report_idx` int NOT NULL AUTO_INCREMENT,
  `member_id` varchar(500) NOT NULL,
  `report_like` int DEFAULT '0',
  `report_content` varchar(2000) DEFAULT NULL,
  `report_cnt` int DEFAULT '0',
  `review_idx` int NOT NULL,
  PRIMARY KEY (`report_idx`),
  UNIQUE KEY `member_id` (`member_id`,`review_idx`),
  KEY `member_id_idx` (`member_id`),
  KEY `review_idx_idx` (`review_idx`),
  CONSTRAINT `member_id` FOREIGN KEY (`member_id`) REFERENCES `tripful_member` (`id`) ON DELETE CASCADE ON UPDATE CASCADE,
  CONSTRAINT `review_idx` FOREIGN KEY (`review_idx`) REFERENCES `tripful_review` (`review_idx`) ON DELETE CASCADE ON UPDATE CASCADE
) ENGINE=InnoDB AUTO_INCREMENT=124 DEFAULT CHARSET=utf8mb4 COLLATE=utf8mb4_0900_ai_ci;
/*!40101 SET character_set_client = @saved_cs_client */;

--
-- Dumping data for table `tripful_review_report`
--

LOCK TABLES `tripful_review_report` WRITE;
/*!40000 ALTER TABLE `tripful_review_report` DISABLE KEYS */;
INSERT INTO `tripful_review_report` VALUES (25,'user01',1,NULL,0,38),(33,'user01',1,NULL,0,51),(34,'user01',1,NULL,0,45),(37,'parkib003',1,NULL,0,73),(70,'kch0101',0,'봇 또는 가짜 계정에서 작성되었거나 광고 또는 프로\n							모션이 포함된 리뷰입니다.',1,85),(73,'user01',1,NULL,0,85),(77,'parkib003',1,NULL,0,99),(79,'user01',0,NULL,0,106),(91,'asdf1234',0,NULL,0,103),(92,'asdf1234',1,NULL,0,108),(93,'parkib002',0,NULL,0,108),(95,'taelim1813',0,NULL,0,110),(97,'user01',1,NULL,0,110),(98,'user01',1,NULL,0,108),(99,'user01',1,NULL,0,103),(102,'taelim1813',1,NULL,0,108),(109,'parkib002',1,NULL,0,118),(112,'klp1234',0,NULL,0,64),(123,'asdf123',1,NULL,0,118);
/*!40000 ALTER TABLE `tripful_review_report` ENABLE KEYS */;
UNLOCK TABLES;

--
-- Table structure for table `tripful_social_member`
--

DROP TABLE IF EXISTS `tripful_social_member`;
/*!40101 SET @saved_cs_client     = @@character_set_client */;
/*!50503 SET character_set_client = utf8mb4 */;
CREATE TABLE `tripful_social_member` (
  `social_idx` int NOT NULL AUTO_INCREMENT,
  `member_idx` int NOT NULL,
  `social_provider` varchar(50) NOT NULL,
  `social_provider_key` varchar(45) NOT NULL,
  PRIMARY KEY (`social_idx`),
  KEY `s_idx_idx` (`member_idx`),
  CONSTRAINT `s_idx` FOREIGN KEY (`member_idx`) REFERENCES `tripful_member` (`idx`) ON DELETE CASCADE ON UPDATE RESTRICT
) ENGINE=InnoDB AUTO_INCREMENT=29 DEFAULT CHARSET=utf8mb4 COLLATE=utf8mb4_0900_ai_ci;
/*!40101 SET character_set_client = @saved_cs_client */;

--
-- Dumping data for table `tripful_social_member`
--

LOCK TABLES `tripful_social_member` WRITE;
/*!40000 ALTER TABLE `tripful_social_member` DISABLE KEYS */;
INSERT INTO `tripful_social_member` VALUES (14,30,'naver','LCGbX0AgQjn6kEbxorrQvgra5Dat-hW6ZQnDjCjOs74'),(16,32,'kakao','4291825266'),(17,33,'kakao','4291844281'),(18,36,'naver','wEHQgt2HTtrGdHX-9M7akjpY7pLPLC4XCLMoRxiwGKw'),(20,45,'google','103208849182682154551'),(21,46,'google','114857680818533887082'),(24,49,'naver','Aj7NCoXEMCkbVcMSLLHiXiUk_o14gR2oOoRMokJjwOo'),(28,53,'google','111074316483994198253');
/*!40000 ALTER TABLE `tripful_social_member` ENABLE KEYS */;
UNLOCK TABLES;
SET @@SESSION.SQL_LOG_BIN = @MYSQLDUMP_TEMP_LOG_BIN;
/*!40103 SET TIME_ZONE=@OLD_TIME_ZONE */;

/*!40101 SET SQL_MODE=@OLD_SQL_MODE */;
/*!40014 SET FOREIGN_KEY_CHECKS=@OLD_FOREIGN_KEY_CHECKS */;
/*!40014 SET UNIQUE_CHECKS=@OLD_UNIQUE_CHECKS */;
/*!40101 SET CHARACTER_SET_CLIENT=@OLD_CHARACTER_SET_CLIENT */;
/*!40101 SET CHARACTER_SET_RESULTS=@OLD_CHARACTER_SET_RESULTS */;
/*!40101 SET COLLATION_CONNECTION=@OLD_COLLATION_CONNECTION */;
/*!40111 SET SQL_NOTES=@OLD_SQL_NOTES */;

-- Dump completed on 2025-06-13 16:51:13
